Origninal_ring,Replacement_ring,DateReplacement,Pit_tag,Gps_tag,GLS_tag,F_ring_additional,Remarks,In case of gps tagged birds remarks refers to month when gps tag was on bird
EE01102,,,,,,,,
EE01571,,,,,,,,
EE01539,,,,,,,,
EE01329,,,,,,,,
EE00734,,,,,,,,
EE01151,,,,,,,,
EE01150,,,,,,,,
EE01544,,,,,,,,
EE01421,,,,,,,,
EE01124,,,,,,,,
EE01105,EE03245,01/05/2018,,,,,,
EE01127,,,,,,,,
EE01801,,,,,,,,
EE01673,,,,,,,,
EE01354,,,,,,,,
EE01802,,,,,,,,
EE01230,,,,,,,,
EE00737,,,,,,,,
EE01676,,,,,,,,
EE01803,,,,,,,,
EE01662,,,,,,,,
EE00724,,,,,,,,
EE00742,,,,,,,,
EE01804,,,,,,,,
EE01554,,,,,,,,
EE00747,,,,,,,,
EE01805,,,,,,,,
EE00750,,,,,,,,
EE00746,EE03505,27/04/2017,,,,,,
EE01675,,,,,,,,
EE00743,,,,,,,,
EE00744,,,,,,,,
EE01550,,,,,,,,
EE01806,,,,,,,,
EE01807,,,,,,,,
EE00294,,,,,,,,
EE00741,EE02737,27/01/2016,,,,,,
EE01661,,,,,,,,
EE01808,,,,,,,,
EE01522,,,,,,,,
EE01809,,,,,,,,
EE01810,,,,,,,,
EE01674,,,,,,,,
EE01811,,,,,,,,
EE01812,,,,,,,,
EE01813,,,,,,,,
EE01655,,,,,,,,
EE01814,,,,,,,,
EE01815,,,,,,,,
EE01816,,,,,,,,
EE01817,,,,,,,,
EE01818,,,,,,,,
EE01819,,,,,,,,
EE01820,,,,,,,,
EE01821,,,,,,,,
EE01231,,,,,,,,
EE01373,,,,,,,,
EE01822,EE04339,29/04/2019,,,,,,
EE01823,,,,,,,,
EE01179,,,,,,,,
EE01824,,,,,,,,
EE01678,,,,,,,,
EE01825,,,,,,,,
EE01826,,,,,,,,
EE01827,,,,,,,,
EE01828,,,,,,,,
EE01106,EE03444,17/06/2018,,,,,,
EE01524,EE04031,04/07/2018,,,,,,
EE01829,,,,,,,,
EE01830,,,,,,,,
EE01851,,,,,,,,
EE01852,,,,,,,,
EE01853,,,,,,,,
EE01832,,,,,,,,
EE01854,,,,,,,,
EE01540,,,,,,,,
EE01833,,,,,,,,
EE01834,,,,,,,,
EE01835,,,,,,,,
EE01836,,,,Pinpoint49098,,,Mar-19,
EE01837,,,,,,,,
EE01855,,,,,,,,
EE01856,,,,,,,,
EE01857,,,,,,,,
EE01838,,,,,,,,
EE01839,,,,,,,,
EE01858,,,,,,,,
EE01859,,,,,,,,
EE01861,,,,,,,,
EE01862,,,,,,,,
EE01537,EE04174,18/06/2019,,,,,"ringed left, chick from 2009",
EE01841,,,,,,,,
EE01842,,,,,,,,
EE01843,,,,,,,,
EE01844,,,,,,,,
EE01840,,,,,,,,
EE01845,,,,,,,,
EE01846,,,,,,,,
EE01901,,,,Pathtrack40130,C4392,FF04830,May-19,
EE01902,,,,,,,,
EE01903,,,,,,,,
EE01904,,,,,,,,
EE01905,,,,,,,,
EE01847,,,,,,,,
EE01848,,,,,,,,
EE01849,,,,,,,,
EE01850,,,,,,,,
EE01864,,,,,,,,
EE01865,,,,,,,,
EE01866,,,,,,,,
EE01863,,,,,,,,
EE01906,EE04337,25/04/2019,,,,,old ring opening,
EE01907,,,,,,,,
EE01353,,,,,,,,
EE01908,,,,,,,,
EE01536,,,,,,,,
EE01318,,,,,,,,
EE01867,,,,,,,,
EE01868,,,,,,,,
EE01869,,,,,,,,
EE01870,,,,,,,,
EE01871,,,,,,,,
EE01872,,,,,,,,
EE01873,,,,,,,,
EE01874,,,,,,,,
EE01875,,,,,,,,
EE01909,,,,,,,,
EE01910,,,,,,,,
EE01911,EE03933,19/06/2018,,,,,,
EE01912,,,,,,,,
EE01913,,,,,,,,
EE01914,,,,,,,,
EE01915,EE03934,19/06/2018,,,,,,
EE01916,,,,,,,,
EE01917,EE04281,24/03/2019,,,,,,
EE01918,,,,,,,,
EE01919,,,,,,,,
EE01920,,,,,,,,
EE01876,,,,,,,,
EE01877,,,,,,,,
EE01227,,,,,,,,
EE01878,,,,,,,,
EE01879,,,,,,,,
EE01391,,,,,,,,
EE01577,,,,,,,,
EE01380,,,,,,,,
EE01881,,,,,,,,
EE01882,,,,,,,,
EE01883,,,,,,,,
EE01884,,,,,,,,
EE01880,,,,,,,,
EE01921,,,,,,,,
EE01922,,,,,,,,
EE01923,,,,,,,,
EE01924,EE03371,03/04/2018,,,,,,
EE01925,,,,,,,,
EE01926,,,,,,,,
EE01885,,,,,,,,
EE01376,,,,,,,,
EE01189,,,,,,,,
EE01927,,,,,,,,
EE01928,,,,,,,,
EE01929,,,,,,,,
EE01930,,,,,,,,
EE01931,,,,,,,,
EE01886,,,,,,,,
EE01887,,,,,,,,
EE01888,,,,,,,,
EE01889,,,,,,,,
EE01890,,,,,,,,
EE01891,,,,,,,,
EE01892,,,,,,,,
EE01893,,,,,,,,
EE01894,,,,,,,,
EE01895,,,,,,,,
EE01932,,,,,,,,
EE01896,,,,,,,,
EE01933,,,,,,,,
EE01934,,,,,,,,
EE01935,,,,,,,,
EE01936,,,,,,,,
EE01937,,,,,,,,
EE01939,,,,,,,,
EE01940,EE04176,18/06/2019,,,,,,
EE01897,,,,,,,,
EE01898,EE03932,19/06/2018,,,,,,
EE01899,,,,,,,,
EE01900,EE04246,09/03/2019,,,,,,
EE01951,,,,,,,,
EE01952,,,,,,,,
EE01941,,,,,,,,
EE01942,,,,,,,,
EE01943,,,,,,,,
EE01944,,,,,,,,
EE01945,,,,,,,,
EE01953,,,,,,,,
EE01954,,,,,,,,
EE01946,,,,,,,,
EE01947,,,,,,,,
EE01955,,,,,,,,
EE01956,,,,,,,,
EE01957,,,,,,,,
EE01958,,,,,,,,
EE01948,,,,,,,,
EE01949,,,,,,,,
EE01374,,,,,,,,
EE01950,,,,,,,,
EE01981,,,,,,,,
EE01361,,,,,,,,
EE01443,EE03700,28/06/2017,,,,,,
EE01982,,,,,,,,
EE01983,,,,,,,,
EE01984,EE03432,31/05/2018,,,,,,
EE01959,,,,,,,,
EE01960,,,,,,,,
EE01985,,,,,,,,
EE01986,,,,,,,,
EE01963,,,,,,,,
EE01987,,,,,,,,
EE01988,,,,,,,,
EE01989,,,,,,,,
EE01990,,,,,,,,
EE01991,,,,,,,,
EE01961,,,,,,,,
EE01962,,,,,,,,
EE01964,,,,,,,,
EE01965,,,,,,,,
EE01966,,,,,,,,
EE01967,,,,,,,,
EE01968,,,,,,,,
EE01969,,,,,,,,
EE01970,,,,,,,,
EE01114,,,,,,,,
EE01992,,,,,,,,
EE01994,,,,,,,,
EE01995,,,,,,,,
EE01996,,,,,,,,
EE01993,,,,,,,,
EE01971,EE06569,30/06/2019,,,,,,
EE01972,EE04175,18/06/2019,,,,,,
EE01973,,,,,,,,
EE01626,,,,,,,,
EE01627,,,,,,,,
EE01628,,,,,,,,
EE01629,,,,,,,,
EE01630,,,,,,,,
EE01631,,,,,,,,
EE01632,,,,,,,,
EE01633,,,,,,,,
EE01634,,,,,,,,
EE01635,,,,,,,,
EE01636,,,,,,,,
EE01637,,,,,,,,
EE01638,,,,,,,,
EE01997,,,,,,,,
EE01974,,,,,,,,
EE01975,,,,,,,,
EE01976,,,,,,,,
EE01977,,,,,,,,
EE01978,,,,,,,,
EE01979,,,,,,,,
EE01980,,,,,,,,
EE01639,EE03344,10/05/2017,,,,,,
EE01640,,,,,,,,
EE01641,,,,,,,,
EE01642,,,,,,,,
EE01643,,,,,,,,
EE01644,,,,,,,,
EE01645,,,,,,,,
FF03172,,,,,,,,
FF03173,,,,,,,,
FF03174,,,,,C4405,NA,,
FF03175,,,,,,,,
FF03176,,,,,,,,
EE01646,,,,,,,,
EE01518,,,,,,,,
EE01647,,,,,,,,
EE01648,EE03429,31/05/2018,,,,,,
EE01519,,,,,,,,
EE01649,,,,,,,,
EE01650,,,,,,,,
EE01245,EE03718,11/05/2018,,,,,,
FF03252,,,,,,,,
FF03253,,,,,,,,
FF03254,,,,,,,,
FF03255,,,,,,,,
EE01533,,,,,,,,
FF03256,,,,,,,,
EE01212,,,,,,,,
EE01998,,,,,,,,
EE01999,,,,,,,,
EE02000,,,,,,,,
FF03177,,,,,,,,
FF03178,,,,,,,,
FF03179,,,,,,,,
EE00627,,,,,,,,
EE00628,,,,,,,,
EE00664,,,,,,,,
EE00665,,,,,,,,
EE00666,,,,Pinpoint49102,,,Apr-19,
EE00667,,,,,,,,
EE00668,,,,,,,,
EE00669,EE03182,18/04/2017,A71,,,,,
EE00670,,,,,,,,
FF03180,,,,,,,,
FF03181,,,,Pinpoint49095,,,Apr-19,
FF03182,,,,,,,,
FF03183,,,,,,,,
FF03184,,,,,,,,
FF03185,,,,,,,,
FF03186,,,,,,,,
FF03187,,,,,,,,
FF03188,,,,,,,,
FF03189,,,,,,,,
FF03190,,,,,,,,
FF03191,,,,,,,,
FF03192,,,,,,,,
FF03193,,,,,,,,
FF03194,,,,,,,,
FF03195,,,,,,,,
FF03196,,,,,,,,
FF03197,,,,,,,,
FF03198,,,,,,,,
FF03199,,,,,,,,
FF03200,,,,,,,,
EE01711,,,,,,,,
EE01712,,,,,,,,
EE01713,,,,,,,,
EE01714,,,,,,,,
EE01715,,,,,,,,
EE01716,,,,,,,,
EE01717,,,,,,,,
EE01718,,,,,,,,
EE01719,EE03777,30/04/2018,C10,,,,,
EE01720,,,,,,,,
EE01721,,,,,,,,
EE01722,,,,,,,,
EE01723,,,,,,,,
EE01724,,,,,,,,
EE01725,,,,,,,,
EE01726,EE03428,30/05/2018,Red,,,,,
EE01727,,,,,,,,
EE01728,,,,,,,,
EE01729,,,,,,,,
EE01730,,,,,,,,
EE01731,,,,,,,,
EE01732,,,,,,,,
EE01733,,,,,,,,
EE01734,EE04014,30/04/2019,,,,,,
EE01735,,,,,,,,
EE01736,,,,,,,,
EE01737,,,,,,,,
EE01738,,,,,,,,
EE01739,,,,,,,,
EE01740,,,,,,,,
EE01741,,,,,,,,
EE01742,,,,,,,,
EE01743,,,,,,,,
EE01744,,,,,,,,
EE01745,,,,,,,,
EE01746,,,,,,,,
EE01747,,,,,,,,
EE01748,,,,,,,,
EE01749,,,,,,,,
EE01750,,,,,,,,
EE01701,EE03670,30/04/2018,A05,,,,,
EE01702,,,,,,,,
EE01703,,,,,,,,
EE01704,,,,,,,,
EE01705,,,,,,,,
EE01706,,,,,,,,
EE01707,,,,,,,,
EE01708,,,,,,,,
EE01709,,,,,,,,
EE01710,,,,,,,,
EE00301,,,,,,,,
EE00302,,,,,,,,
EE00303,,,,,,,,
EE00304,,,,,,,,
EE00305,EE03640,21/06/2017,,,,,,
EE00306,,,,,,,,
EE00307,,,,,,,,
EE00308,,,,,,,,
EE00309,,,,,,,,
EE00310,,,,,,,,
EE00317,,,,,,,,
EE00316,,,,,,,,
EE01401,EE04311,30/04/2019,,,,,,
EE00315,,,,,,,,
EE01538,,,,,,,,
EE00314,,,,,,,,
EE00313,,,,,,,,
EE00312,,,,,,,,
EE00311,,,,,,,,
EE00318,,,,,,,,
EE00319,,,,,,,,
EE00320,,,,,,,,
EE01761,,,,,,,,
EE01762,,,,,,,,
EE01763,,,,,,,,
EE01764,,,,,,,,
EE01765,,,,,,,,
EE01766,,,,,,,,
EE01767,,,,,,,,
EE01768,,,,,,,,
EE01159,,,,,,,,
EE01769,,,,,,,,
EE01161,,,,,,,,
EE01770,,,,,,,,
FF03301,,,,,,,,
FF03257,,,,,,,,
FF03258,,,,,,,,
FF03302,,,,,,,,
FF03303,,,,,,,,
FF03304,,,,,,,,
FF03305,,,,,,,,
FF03306,,,,,,,,
FF03307,,,,,,,,
EE01082,EE04330,30/04/2019,,,,,,
EE01083,,,,,,,,
EE01084,,,,,,,,
EE01085,EE04238,04/03/2019,A52,,,,,
EE01086,,,,,,,,
EE01087,,,,,,,,
EE01088,,,,,,,,
EE01089,EE04088,14/02/2019,A98,,,,,
EE01090,EE03184,18/04/2017,A74,,,,,
FF03259,,,,,,,,
FF03260,,,,,,,,
FF03261,,,,,,,,
FF03262,,,,,,,,
FF03263,,,,,,,,
FF03264,,,,,,,,
FF03265,,,,,,,,
FF03266,,,,,,,,
FF03267,,,,,,,,
FF03268,,,,,,,,
FF03269,,,,,,,,
FF03270,,,,,,,,
FF03271,,,,,,,,
FF03272,,,,,,,,
FF03273,,,,,,,,
FF03274,,,,,,,,
FF03275,,,,,,,,
FF03276,,,,,,,,
FF03277,,,,,,,,
FF03278,,,,,,,,
EE02051,,,,,,,,
EE02052,,,,,,,,
EE02053,,,,,,,,
EE02054,,,,,,,,
EE02055,,,,,,,,
EE02056,,,,,,,,
EE02057,,,,,,,,
EE02058,,,,,,,,
EE02059,,,,,,,,
EE02060,,,,,,,,
EE02061,,,,,,,,
EE02062,,,,,,,,
EE02068,,,,,,,,
EE02063,,,,,,,,
EE02064,,,,,,,,
EE02065,,,,,,,,
EE02101,,,,,,,,
EE02102,,,,,,,,
EE02103,,,,,,,,
EE02071,,,,,,,,
EE02072,,,,,,,,
EE02073,,,,,,,,
EE02074,,,,,,,,
EE02075,,,,,,,,
EE02076,,,,,,,,
EE02077,,,,,,,,
EE02078,,,,,,,,
EE02079,,,,,,,,
EE02080,,,,,,,,
EE02081,,,,,,,,
EE02105,,,,,,,,
EE02106,,,,,,,,
EE02107,,,,,,,,
EE02108,,,,,,,,
EE02082,,,,,,,,
EE02083,,,,,,,,
EE02084,,,,,,,,
EE02085,,,,,,,,
EE02086,,,,,,,,
EE02087,,,,,,,,
EE02088,,,,,,,,
EE02109,,,,,,,,
EE02121,,,,,,,,
EE02122,,,,,,,,
EE02123,,,,,,,,
EE02127,,,,,,,,
EE02124,,,,,,,,
EE02125,,,,,,,,
EE02126,,,,,,,,
EE02066,,,,,,,,
EE02111,,,,,,,,
EE02112,,,,,,,,
EE02113,,,,,,,,
EE02114,,,,,,,,
EE02115,,,,,,,,
EE02116,,,,,,,,
EE02117,,,,,,,,
EE02118,,,,,,,,
EE02119,,,,,,,,
EE02128,,,,,,,,
EE02129,,,,,,,,
EE02130,,,,,,,,
EE02067,,,,,,,,
EE02069,,,,,,,,
EE02070,,,,,,,,
EE02089,,,,,,,,
EE02090,,,,,,,,
EE02091,,,,,,,,
EE02092,,,,,,,,
EE02093,,,,,,,,
EE02094,,,,,,,,
EE02095,,,,,,,,
EE02096,,,,,,,,
EE02097,,,,,,,,
EE02098,,,,,,,,
EE02099,,,,,,,,
EE02100,,,,,,,,
EE02201,,,,,,,,
EE02202,,,,,,,,
EE02203,,,,,,,,
EE02204,,,,,,,,
EE02205,,,,,,,,
EE02206,,,,,,,,
EE02207,,,,,,,,
EE02208,EE04343,08/05/2019,A00,,,,without metal ring; identified from pit tag,
EE02209,,,,,,,,
EE02210,,,,,,,,
EE02211,,,,,,,,
EE02212,,,,,,,,
EE02213,,,,,,,,
EE02214,EE04290,25/03/2019,C21,,,,without metal ring; identified from pit tag,
EE02215,,,,,,,,
EE02216,,,,,,,,
EE02217,,,,,,,,
EE02219,,,,,,,,
EE02220,,,,,,,,
EE02221,,,,,,,,
EE02222,,,,,,,,
EE02223,,,,,,,,
EE01669,,,,,,,,
EE02224,,,,,,,,
EE02225,,,,,,,,
EE02226,,,,,,,,
EE02227,,,,,,,,
EE02228,,,,,,,,
EE02229,,,,,,,,
EE02230,,,,,,,,
EE02231,,,,,,,,
EE02232,,,,,,,,
EE02233,,,,,,,,
EE02234,,,,,,,,
EE02235,,,,,,,,
EE02236,,,,,,,,
EE02237,,,,,,,,
EE02238,,,,,,,,
EE02239,,,,,,,,
EE02240,,,,,,,,
EE02241,,,,,,,,
EE02242,,,,,,,,
EE02243,,,,,,,,
EE02244,,,,,,,,
EE02245,,,,,,,,
EE02246,,,,,,,,
EE02247,,,,,,,,
EE02248,,,,,,,,
EE02249,,,,,,,,
EE02250,,,,,,,,
EE02251,,,,,,,,
EE02252,,,,,,,,
EE02253,,,,,,,,
EE02254,,,,,,,,
EE02255,,,,,,,,
EE02256,,,,,,,,
EE02257,,,,,,,,
EE02258,,,,,,,,
EE02259,,,,,,,,
EE02260,,,,,,,,
EE02261,,,,,,,,
EE02262,,,,,,,,
EE02263,,,,,,,,
EE02264,,,,,,,,
EE02265,,,,,,,,
EE02266,,,,,,,,
EE02267,,,,,,,,
EE02268,,,,,,,,
EE02269,,,,,,,,
EE02270,,,,,,,,
EE02271,,,,,,,,
EE02272,,,,,,,,
EE02273,,,,,,,,
EE02274,,,,,,,,
EE02275,,,,,,,,
EE02276,,,,,,,,
EE02277,,,,,,,,
EE02278,,,,,,,,
EE02279,,,,,,,,
EE02280,,,,,,,,
EE02281,,,,,,,,
EE02282,,,,,,,,
EE02283,,,,,,,,
EE02284,,,,,,,,
EE02285,,,,,,,,
EE02286,,,,,,,,
EE02291,,,,,,,,
EE02292,,,,,,,,
EE02293,,,,,,,,
EE02287,,,,,,,,
EE02288,,,,,,,,
EE02301,,,,,,,,
EE02302,,,,,,,,
EE02303,,,,,,,,
EE02304,,,,,,,,
EE02305,,,,,,,,
EE02306,,,,,,,,
EE02307,,,,,,,,
EE02308,,,,,,,,
EE02309,,,,,,,,
EE02310,,,,,,,,
EE02311,,,,,,,,
EE02312,,,,,,,,
EE02313,,,,,,,,
EE01108,,,,,,,,
EE02314,,,,,,,,
EE02315,,,,,,,,
EE02316,,,,,,,,
EE02317,,,,,,,,
EE02318,,,,,,,,
EE02319,,,,,,,,
EE02297,,,,,,,,
EE02289,,,,,,,,
EE02290,,,,,,,,
EE02294,,,,,,,,
EE02295,,,,,,,,
EE02296,,,,,,,,
EE02298,,,,,,,,
EE02299,,,,,,,,
EE02300,,,,,,,,
EE02351,,,,,,,,
EE02352,,,,,,,,
EE02353,,,,,,,,
EE02354,,,,,,,,
EE02355,,,,,,,,
EE02356,,,,,,,,
EE02357,,,,,,,,
EE02358,,,,,,,,
EE02350,,,,,,,,
EE01575,EE03719,11/05/2018,,,,,,
EE01406,,,,,,,,
EE02360,,,,,,,,
EE02361,,,,,,,,
EE01515,,,,,,,,
EE02362,,,,,,,,
EE01547,,,,,,,,
EE01202,,,,,,,,
EE02363,,,,,,,,
EE01166,EE03435,31/05/2018,,,,,,
EE02364,,,,,,,,
EE01566,,,,,,,,
EE02365,,,,,,,,
EE02366,,,,,,,,
EE02367,,,,,,,,
EE01325,,,,,,,,
EE02368,,,,,,,,
EE02369,,,,,,,,
EE02370,,,,,,,,
EE02371,,,,,,,,
EE02373,,,,,,,,
EE02374,,,,,,,,
EE02375,,,,,,,,
EE02376,,,,,,,,
EE02377,,,,,,,,
EE02378,,,,,,,,
EE02379,,,,,,,,
EE02380,,,,,,,,
EE02382,,,,,,,,
EE02381,,,,,,,,
EE02383,,,,,,,,
EE02384,,,,,,,,
EE02385,,,,,,,,
EE02386,,,,,,,,
EE02387,,,,,,,,
EE02388,,,,,,,,
EE02389,,,,,,,,
EE02390,,,,,,,,
EE02391,,,,,,,,
EE02393,,,,,,,,
EE02392,,,,,,,,
EE02394,,,,,,,,
EE02395,,,,,,,,
EE02396,,,,,,,,
EE02397,,,,,,,,
EE02320,,,,,,,,
EE02321,,,,,,,,
EE02322,,,,,,,,
EE02398,,,,,,,,
EE02399,,,,,,,,
EE02400,,,,,,,,
EE02323,,,,,,,,
EE02401,,,,,,,,
EE02402,,,,,,,,
EE02403,,,,,,,,
EE02404,,,,,,,,
EE02405,,,,,,,,
EE02406,,,,,,,,
EE02407,,,,,,,,
EE02413,,,,,,,,
EE02414,,,,,,,,
EE02324,,,,,,,,
EE02325,,,,,,,,
EE02408,,,,,,,,
EE02409,,,,,,,,
EE02410,,,,,,,,
EE02411,,,,,,,,
EE02412,,,,,,,,
EE02423,,,,,,,,
EE02424,,,,,,,,
EE02425,,,,,,,,
EE02326,,,,,,,,
EE02327,,,,,,,,
EE02328,,,,,,,,
EE02415,,,,,,,,
EE02416,,,,,,,,
EE02417,,,,,,,,
EE02418,,,,,,,,
EE02419,,,,,,,,
EE02420,,,,,,,,
EE02421,,,,,,,,
EE02422,,,,,,,,
EE02426,,,,,,,,
EE02427,,,,,,,,
EE02428,,,,,,,,
EE02429,,,,,,,,
EE02430,,,,,,,,
EE02431,,,,,,,,
EE02432,,,,,,,,
EE02433,,,,,,,,
EE02434,,,,,,,,
EE02435,,,,,,,,
EE02436,,,,,,,,
EE02329,,,,,,,,
EE02330,,,,,,,,
EE02331,,,,,,,,
EE02332,,,,,,,,
EE02333,,,,,,,,
EE02334,,,,,,,,
EE02335,,,,,,,,
EE02437,,,,,,,,
EE02438,,,,,,,,
EE02439,,,,,,,,
EE02440,,,,,,,,
EE02441,,,,,,,,
EE02442,,,,,,,,
EE02443,,,,,,,,
EE02444,,,,,,,,
EE01136,,,,,,,,
EE02445,,,,,,,,
EE02446,,,,,,,,
EE02447,,,,,,,,
EE02448,,,,,,,,
EE02449,,,,,,,,
EE02450,,,,,C4382,FF03206,,
EE02501,,,,,,,,
EE02502,,,,,,,,
EE02503,,,,,,,,
EE02504,,,,,,,,
EE02505,,,,,,,,
EE02506,,,,,,,,
EE02507,,,,,,,,
EE02508,,,,,,,,
EE01238,,,,,,,,
EE02509,,,,,,,,
EE02510,,,,,,,,
EE02511,,,,,,,,
EE02512,,,,,,,,
EE02513,,,,,,,,
EE02514,,,,,,,,
EE02515,,,,,,,,
EE02516,,,,,,,,
EE02517,,,,,,,,
EE02518,,,,,,,,
EE02519,,,,,,,,
EE02520,,,,,,,,
EE02521,,,,,,,,
EE02522,,,,,,,,
EE02336,,,,,,,,
EE02337,,,,,,,,
EE02338,,,,,,,,
EE02339,,,,,,,,
EE02340,,,,,,,,
EE02341,,,,,,,,
EE02342,,,,,,,,
EE02343,,,,,,,,
EE02344,,,,,,,,
EE02345,,,,,,,,
EE02346,,,,,,,,
EE02347,,,,,,,,
EE02523,,,,,,,,
EE02524,,,,,,,,
EE02525,,,,,,,,
EE02526,,,,,,,,
EE02527,,,,,,,,
EE02528,,,,,,,,
EE02529,,,,,,,,
EE01508,,,,,,,,
EE02530,,,,,,,,
EE02531,,,,,,,,
EE02532,,,,,,,,
EE02533,,,,,,,,
EE02534,,,,,,,,
EE02535,,,,,,,,
EE02536,,,,,,,,
EE02537,,,,,,,,
EE02538,,,,,,,,
EE02539,,,,,,,,
EE02540,,,,,,,,
EE02541,,,,,,,,
EE02348,,,,,,,,
EE02349,,,,,,,,
EE02542,,,,,,,,
EE02543,,,,,,,,
EE02544,,,,,,,,
EE02545,,,,,,,,
EE02546,,,,,,,,
EE02547,,,,,,,,
EE02548,,,,,,,,
EE02549,,,,,,,,
EE02550,,,,,,,,
EE02555,,,,,,,,
EE02556,,,,,,,,
EE02557,,,,,,,,
EE02558,,,,,,,,
EE02559,,,,,,,,
EE02560,,,,,,,,
EE02561,,,,,,,,
EE02562,,,,,,,,
EE02563,,,,,,,,
EE02564,,,,,,,,
EE02565,,,,,,,,
EE02566,,,,,,,,
EE02567,,,,,,,,
EE02568,,,,,,,,
EE02569,,,,,,,,
EE02570,,,,,,,,
EE02572,,,,,,,,
EE02573,,,,,,,,
EE02574,,,,,,,,
EE02575,,,,,,,,
EE02576,,,,,,,,
EE02577,,,,,,,,
EE02578,,,,,,,,
EE02579,,,,,,,,
EE02580,,,,,,,,
EE02581,,,,,,,,
EE02582,,,,,,,,
EE02583,,,,,,,,
EE02584,,,,,,,,
EE02585,,,,,,,,
EE01351,,,,,,,,
EE01652,,,,,,,,
EE02586,,,,,,,,
EE02587,,,,,,,,
EE02588,,,,,,,,
EE02589,,,,,,,,
EE02590,,,,,,,,
EE02591,,,,,,,,
EE02592,,,,,,,,
EE02593,,,,,,,,
EE02594,,,,,,,,
EE02595,,,,,,,,
EE02596,,,,,,,,
EE02597,,,,,,,,
EE02598,,,,,,,,
EE02599,,,,,,,,
EE02600,,,,,,,,
EE02601,,,,,,,,
EE02602,,,,,,,,
EE02603,,,,,,,,
EE02604,,,,,,,,
EE02607,,,,,,,,
EE02608,,,,,,,,
EE02605,,,,,,,,
EE02606,,,,,,,,
EE02610,,,,,,,,
EE02611,,,,,,,,
EE02612,,,,,,,,
EE02614,,,,,,,,
EE02615,,,,,,,,
EE02616,,,,,,,,
EE02617,,,,,,,,
EE02618,,,,,,,,
EE02619,,,,,,,,
EE02620,,,,,,,,
EE02621,,,,,,,,
EE02622,,,,,,,,
EE02623,,,,,,,,
EE02624,,,,,,,,
EE02625,,,,,,,,
EE02626,,,,,,,,
EE02627,,,,,,,,
EE02628,,,,,,,,
EE02629,,,,,,,,
EE02630,,,,,,,,
EE02631,,,,,,,,
EE02632,,,,Pinpoint49097,C4387,FF04831,Apr-19,
EE02633,,,,,,,,
EE02634,,,,,,,,
EE02635,,,,,,,,
EE02636,,,,,,,,
EE02637,,,,,,,,
EE02638,,,,,,,,
EE02639,,,,,,,,
EE02640,,,,,,,,
EE02641,,,,,,,,
EE02642,,,,,,,,
EE02643,,,,,,,,
EE02644,,,,,,,,
EE02645,,,,,,,,
EE02646,,,,,,,,
EE02647,,,,,,,,
EE02648,,,,,,,,
EE02649,,,,,,,,
EE02650,,,,,,,,
EE02701,,,,,,,,
EE02702,,,,,,,,
EE02703,,,,,,,,
EE02704,,,,,,,,
EE02705,,,,,,,,
EE02706,,,,,,,,
EE02707,,,,,,,,
EE02708,,,,,,,,
EE02709,,,,,,,,
EE02710,,,,,,,,
EE02711,,,,,,,,
EE02712,,,,,,,,
EE02713,,,,,,,,
EE02714,,,,,,,,
EE02715,,,,,,,,
EE02716,,,,,,,,
EE02717,,,,,,,,
EE02718,,,,,,,,
EE02719,,,,,,,,
EE01168,,,,,,,,
EE02720,,,,,,,,
EE02721,,,,,,,,
EE02722,,,,,,,,
EE02723,,,,,,,,
EE02724,,,,,,,,
EE02725,,,,,,,,
EE02726,,,,,,,,
EE02730,,,,Pinpoint49104,C4406,FF03219,Apr-19,
EE02731,,,,,,,,
EE02732,,,,,,,,
EE02733,,,,,,,,
EE02734,,,,,,,,
EE02735,,,,,,,,
EE02736,,,,,,,,
EE02738,,,,,,,,
EE02739,,,,,,,,
EE02740,,,,,,,,
EE02741,,,,,,,,
EE02742,,,,,,,,
EE02743,,,,,,,,
EE02744,,,,,,,,
EE02745,,,,,,,,
EE02746,,,,,,,,
EE03051,,,,,,,,
EE03052,,,,,,,,
EE03053,,,,,,,,
EE03054,,,,,C4379,FF03204,,
EE03055,,,,,,,,
EE03056,,,,,,,,
EE03057,,,,,,,,
EE03058,,,,,,,,
EE01668,,,,,,,,
EE02747,,,,,,,,
EE02748,,,,,,,,
EE02749,,,,,,,,
EE02750,,,,,,,,
EE03001,,,,,,,,
EE03002,,,,,,,,
EE03003,,,,,,,,
EE03005,,,,,,,,
EE03006,,,,,,,,
EE03007,,,,,,,,
EE03008,,,,,,,,
EE03059,,,,,,,,
EE03060,,,,,,,,
EE03061,,,,,,,,
EE03009,,,,,,,,
EE03010,,,,,,,,
EE03011,,,,,,,,
EE03004,,,,Pathtrack40202,C4383,FF03203,May-19,
EE03012,,,,,,,,
EE03013,,,,,,,,
EE03063,,,,,,,,
EE03064,,,,,,,,
EE03014,,,,,C4386,FF04833,,
EE03015,,,,,,,,
EE03016,,,,,,,,
EE03017,,,,,,,,
EE03018,,,,,,,,
EE03019,,,,,,,,
EE03020,,,,,,,,
EE03021,,,,,,,,
EE03022,,,,,,,,
EE03023,,,,,,,,
EE03024,,,,,,,,
EE03025,,,,,,,,
EE03026,,,,,,,,
EE03027,,,,,,,,
EE03028,,,,,,,,
EE03065,,,,,,,,
EE03066,,,,,,,,
EE03029,,,,,,,,
EE03030,,,,,,,,
EE03031,,,,,,,,
EE03032,,,,,,,,
EE03033,,,,,,,,
EE03034,,,,,,,,
EE03035,,,,,,,,
EE03181,,,,,,,,
EE03036,,,,,,,,
EE03067,,,,,,,,
EE03068,,,,,,,,
EE03069,,,,,,,,
EE03070,,,,,,,,
EE03071,,,,,,,,
EE03037,,,,,,,,
EE03038,,,,,,,,
EE03039,,,,,,,,
EE03040,,,,,,,,
EE03041,,,,,,,,
EE03042,,,,,,,,
EE03072,,,,,C4381,FF04835,,
EE03045,,,,,,,,
EE03046,,,,,,,,
EE03047,,,,,,,,
EE03048,,,,,,,,
EE03050,,,,,,,,
EE03101,,,,,,,,
EE03043,,,,,,,,
EE03044,,,,,,,,
EE03111,,,,,,,,
EE03112,,,,,,,,
EE03073,,,,,,,,
EE03074,,,,,,,,
EE03113,,,,,,,,
EE03114,,,,Pinpoint49096,C4397,FF03207,Apr-19,
EE03075,,,,,,,,
EE03076,,,,,,,,
EE03115,,,,,,,,
EE03116,,,,,,,,
EE03078,,,,,,,,
EE03079,,,,,,,,
EE03080,,,,,,,,
EE03081,,,,,,,,
EE03117,,,,,,,,
EE03118,,,,,,,,
EE03119,,,,,,,,
FF03060,,,,,,,,
EE03120,,,,,,,,
EE03121,,,,,,,,
EE03122,,,,,,,,
EE03123,,,,,,,,
EE03082,,,,,,,,
EE03083,,,,,,,,
EE03084,,,,,,,,
EE03085,,,,,,,,
EE03086,,,,,,,,
EE03087,,,,,,,,
EE03088,,,,,,,,
EE03089,,,,,,,,
EE03090,,,,,,,,
EE03124,,,,,,,,
EE03125,,,,,,,,
EE01228,,,,,,,,
EE01187,,,,,,,,
EE03102,,,,,,,,
EE01210,,,,,,,,
EE03103,,,,,,,,
EE03104,,,,,,,,
EE01447,EE03105,16/05/2016,,,,,,
EE01573,,,,,,,,
EE03106,,,,,,,,
EE01399,,,,,,,,
EE03107,,,,,,,,
EE03108,,,,,,,,
EE03109,,,,,,,,
EE03110,,,,,,,,
EE03091,,,,,,,,
EE03092,,,,,,,,
EE03093,,,,,,,,
EE03094,,,,,,,,
FF03062,,,,,,,,
EE03095,,,,,,,,
EE03096,,,,,,,,
EE03097,,,,,,,,
EE03098,,,,,,,,
EE03099,,,,,,,,
EE03100,,,,,,,,
EE03151,,,,,,,,
EE01122,,,,,,,,
EE03130,,,,,,,,
EE03131,,,,,,,,
EE03132,,,,,,,,
EE03133,,,,,,,,
EE03134,,,,,,,,
EE03135,,,,,,,,
EE03136,,,,,,,,
EE03137,,,,,,,,
EE03138,,,,,,,,
EE03139,,,,,,,,
EE03140,,,,,,,,
EE03141,,,,,,,,
EE03161,,,,,,,,
EE03162,,,,,,,,
EE03163,,,,,,,,
EE03164,,,,,,,,
EE03165,,,,,,,,
EE03166,,,,,,,,
EE03127,,,,,,,,
EE03167,,,,,,,,
EE03168,,,,,,,,
EE03171,,,,,,,,
EE03172,,,,,,,,
EE03173,,,,,,,,
EE03174,,,,,,,,
EE01513,EE03443,17/06/2018,,,,,,
EE03142,,,,,,,,
EE03143,,,,,,,,
EE03144,,,,,,,,
EE03145,,,,,,,,
EE03146,,,,,,,,
EE03147,,,,,,,,
EE03169,,,,,,,,
EE03170,,,,,,,,
EE03251,,,,,,,,
EE03252,,,,,,,,
EE03253,,,,,,,,
EE03128,,,,,,,,
EE03148,,,,,,,,
EE03150,,,,,,,,
EE03152,,,,,,,,
EE03153,,,,,,,,
EE01243,,,,,,,,
EE03175,,,,,,,,
EE03176,,,,,,,,
EE03177,,,,,,,,
EE03126,,,,,,,,
EE03178,,,,,,,,
EE01422,,,,,,,,
EE03254,,,,,,,,
EE03255,,,,,,,,
EE03179,,,,,,,,
EE03180,,,,,,,,
EE03154,,,,,,,,
EE03155,,,,,,,,
EE03256,,,,,,,,
EE03307,,,,,,,,
EE03308,,,,,,,,
EE03309,,,,,,,,
EE03310,,,,,,,,
EE03259,,,,,,,,
EE03325,,,,,,,,
EE03327,,,,,,,,
EE03328,,,,,,,,
EE03260,,,,,,,,
EE03333,,,,,,,,
EE03334,,,,,,,,
EE03335,,,,,,,,
EE03336,,,,,,,,
EE03159,,,,,,,,
EE03160,,,,,,,,
EE03329,,,,,,,,
EE03337,,,,,,,,
EE03326,,,,,,,,
EE03338,,,,,,,,
EE03339,,,,,,,,
EE03340,,,,,,,,
EE03261,,,,,,,,
EE03262,,,,,,,,
EE03263,,,,,,,,
EE03264,,,,,,,,
EE03265,,,,,,,,
EE03269,,,,,,,,
EE03270,,,,,,,,
EE03271,,,,,,,,
EE03272,,,,,,,,
EE03273,,,,,,,,
EE03183,,,,,,,,
EE03185,,,,,,,,
EE03186,,,,,,,,
EE03282,,,,,,,,
EE03349,,,,,,,,
EE03516,,,,,,,,
EE03517,,,,,,,,
EE03283,,,,,,,,
EE03528,,,,,,,,
EE03529,,,,,,,,
EE03530,,,,,,,,
EE03568,,,,,,,,
EE03569,,,,,,,,
EE03284,,,,,,,,
EE03591,,,,,,,,
EE03592,,,,,,,,
EE03593,,,,,,,,
EE03595,,,,,,,,
EE03596,,,,,,,,
EE03597,,,,,,,,
EE03594,,,,,,,,
EE03782,,,,,,,,
EE03675,,,,,,,,
EE03766,,,,,,,,
EE03770,,,,,,,,
EE03745,,,,,,,,
EE03303,,,,,,,,
EE03304,,,,,,,,
EE03305,,,,,,,,
EE03306,,,,,,,,
EE03258,,,,,,,,
EE03311,,,,,,,,
EE03312,,,,,,,,
EE03313,,,,,,,,
EE03314,,,,,,,,
EE03315,,,,,,,,
EE03316,,,,,,,,
EE03317,EE04225,22/02/2019,,,,,,
EE03318,,,,,,,,
EE03319,,,,,,,,
EE03320,,,,,,,,
EE03321,,,,,,,,
EE03322,,,,,,,,
EE03323,,,,,,,,
EE03324,,,,,,,,
EE03331,,,,,,,,
EE03332,,,,,,,,
EE03156,,,,,,,,
EE03157,,,,Pathrack40239,,,May-19,
EE03158,,,,,,,,
EE03266,,,,,C4391 ,FF04827,,
EE03267,,,,,,,,
EE03268,,,,,,,,
EE03330,,,,,,,,
EE03190,,,,,,,,
EE03274,,,,,,,,
EE03275,,,,,,,,
EE03276,,,,,,,,
EE03277,,,,,,,,
EE03278,,,,,,,,
EE03279,,,,,,,,
EE03280,,,,,,,,
EE03281,,,,,,,,
EE03501,,,,,,,,
EE03502,,,,,,,,
EE03503,,,,,,,,
EE03504,,,,,,,,
EE03341,,,,,,,,
EE03342,,,,,,,,
EE03187,EE03821,16/05/2018,,,,,,
EE03506,,,,,,,,
EE03507,,,,,,,,
EE03508,,,,,,,,
EE03509,,,,,,,,
EE03510,,,,,,,,
EE03511,,,,,,,,
EE03512,,,,,,,,
EE03188,,,,,,,,
EE03189,,,,,,,,
EE03291,,,,,,,,
EE03292,,,,,,,,
EE03293,,,,,,,,
EE03294,,,,,,,,
EE03295,,,,,,,,
EE03296,,,,,,,,
EE03734,,,,,,,,
EE03343,,,,,C4403,FF03208,,
EE03345,,,,,,,,
EE03346,,,,,,,,
EE03297,,,,,,,,
EE03298,,,,,,,,
EE03299,,,,,,,,
EE03347,,,,,,,,
EE03348,,,,,,,,
EE03191,,,,,,,,
EE03192,,,,,,,,
EE03193,,,,,,,,
EE03194,,,,,,,,
EE03195,,,,,,,,
EE03196,,,,,,,,
EE03197,,,,,,,,
EE03350,,,,,,,,
EE03521,,,,,,,,
EE03522,,,,,,,,
EE03523,,,,,,,,
EE03524,,,,,,,,
EE03525,,,,,,,,
EE03526,,,,,,,,
EE03527,,,,,,,,
EE03198,,,,,,,,
EE03199,,,,,,,,
EE03200,,,,,,,,
EE03531,,,,,,,,
EE03513,,,,,,,,
EE03514,,,,,,,,
EE03515,,,,,,,,
EE03532,,,,,,,,
EE03533,,,,,,,,
EE03534,,,,,,,,
EE01217,,,,,,,,
EE03535,,,,,,,,
EE03536,,,,,,,,
EE03518,,,,,,,,
EE03519,,,,,,,,
EE03537,,,,,,,,
EE03538,,,,,,,,
EE03539,,,,,,,,
EE03540,,,,,,,,
EE03541,,,,,,,,
EE03551,,,,,,,,
EE03542,,,,,,,bird lost ring; found in MN in a later session; not known which was corresponding New ind.; new ind. Ringed in session: EE04067; 68; 69 - bird that matches measurements the closest is EE04067 but could also have bounced out of net without being re-ringed?,
EE03543,,,,,,,,
EE03544,,,,,,,,
EE03561,,,,,,,,
EE03562,,,,,,,,
EE03563,,,,,,,,
EE01171,EE03725,01/05/2018,,,,,,
EE03564,,,,,,,,
EE03565,,,,,,,,
EE03566,,,,,,,,
EE01181,,,,,,,,
EE03567,,,,,,,,
EE03545,,,,,,,,
EE03546,,,,,,,,
EE03547,,,,,,,,
EE03548,,,,,,,,
EE03570,,,,,,,,
EE03549,,,,,,,,
EE03571,,,,,,,,
EE03572,,,,,,,,
EE03573,,,,,,,,
EE03574,,,,,,,,
EE03550,,,,,,,,
EE01364,,,,,,,,
EE03285,,,,,,,,
EE03287,,,,,,,,
EE03288,,,,,,,,
EE03289,,,,,,,,
EE03290,,,,,,,,
EE01442,,,,,,,,
EE03575,,,,,,,,
EE03286,,,,,,,,
EE03576,,,,,,,,
EE03520,,,,,,,,
EE03577,,,,,,,,
EE03601,,,,,,,,
EE03602,,,,,,,,
EE03603,,,,,,,,
EE03604,,,,,,,,
EE03605,,,,,,,,
EE03606,,,,,,,,
EE03607,,,,,,,,
EE03608,,,,,,,,
EE03609,,,,,,,,
EE03578,,,,,,,,
EE03579,,,,,,,,
EE03580,,,,,,,,
EE03552,,,,,,,,
EE03553,,,,,,,,
EE03554,,,,,,,,
EE03610,,,,,,,,
EE03621,,,,,,,,
EE03581,,,,,,,,
EE03582,,,,,,,,
EE03583,,,,,,,,
EE03584,,,,,,,,
EE03555,,,,,,,,
EE03556,,,,,,,,
EE03557,,,,,,,,
EE03598,,,,,,,,
EE03599,,,,,,,,
EE03600,,,,,,,,
EE03611,,,,,,,,
EE03558,,,,,,,,
EE01319,,,,,,,,
EE03585,,,,,,,,
EE03586,,,,,,,,
EE03587,,,,,,,,
EE03588,,,,,,,,
EE03589,,,,,,,,
EE03590,,,,,,,,
EE03631,,,,,,,,
EE03632,,,,,,,,
EE03633,,,,,,,,
EE03634,,,,,,,,
EE03635,,,,,,,,
EE03636,,,,,,,,
EE03637,,,,,,,,
EE03638,,,,,,,,
EE03639,,,,,,,,
EE03640,,,,,,,,
EE03622,,,,,,,,
EE03612,,,,,,,,
EE03651,,,,,,,,
EE03652,,,,,,,,
EE03653,,,,,,,,
EE03654,,,,,,,,
EE03655,,,,,,,,
EE03623,,,,,,,,
EE03624,,,,,,,,
EE03625,,,,,,,,
EE03626,,,,,,,,
EE03641,,,,,,,,
EE03613,,,,,,,,
EE03642,,,,,,,,
EE03643,,,,,,,,
EE03614,,,,,,,,
EE03644,,,,,,,,
EE03615,,,,,,,,
EE03627,,,,,,,,
EE03616,,,,,,,,
EE03617,,,,,,,,
EE01572,,,,,,,,
EE03559,,,,,,,,
EE03560,,,,,,,,
EE03619,,,,,,,,
EE03656,,,,,,,,
EE03657,,,,,,,,
EE03628,,,,,,,,
EE03629,,,,,,,,
EE03630,,,,,,,,
EE03751,,,,,,,,
EE03752,,,,,,,,
EE03753,,,,,,,,
EE03659,,,,,,,,
EE03658,,,,,,,,
EE03660,,,,,,,,
EE03645,,,,,,,,
EE03646,,,,,,,,
EE03647,,,,,,,,
EE03648,,,,,,,,
EE03649,,,,,,,,
EE03650,,,,,,,,
EE03691,,,,,,,,
EE03692,,,,,,,,
EE03693,,,,,,,,
EE03694,,,,,,,,
EE03695,,,,,,,,
EE03696,,,,,,,,
EE03697,,,,,,,,
EE03698,,,,,,,,
EE03699,,,,,,,,
EE03781,,,,,,,,
EE03754,,,,,,,,
EE03761,,,,,,,,
EE03762,,,,,,,,
EE03763,,,,,,,,
EE03755,,,,,,,,
EE03756,,,,,,,,
EE03757,,,,,,,,
EE03758,,,,,,,,
EE03759,,,,,,,,
EE03760,,,,,,,,
EE03671,,,,,,,,
EE03672,,,,,,,,
EE03673,,,,,,,,
EE03674,,,,,,,,
EE03783,,,,,,,,
EE03784,,,,,,,,
EE03785,,,,,,,,
EE03765,,,,,,,,
EE03764,,,,,,,,
EE03767,,,,,,,,
EE03768,,,,,,,,
EE03786,,,,,,,,
EE03676,,,,,,,,
EE03677,,,,,,,,
EE03678,,,,,,,,
EE03679,,,,,,,,
EE03769,,,,,,,,
EE03741,,,,,,,,
EE03742,,,,,,,,
EE03743,,,,,,,,
EE03744,,,,,,,,
EE03680,,,,,,,,
EE03787,,,,,,,,
EE03788,,,,,,,,
EE03746,,,,,,,,
EE03789,,,,,,,,
EE03790,,,,,,,,
EE03661,,,,,,,,
EE03747,,,,,,,,
EE03772,,,,,,,,
EE03773,,,,,,,,
EE03662,,,,,,,,
EE03663,,,,,,,,
EE03748,,,,,,,,
EE03749,,,,,,,,
EE03750,,,,,,,,
EE03710,,,,,,,,
EE03701,,,,,,,,
EE01233,EE03834,20/06/2018,,,,,,
EE03702,,,,,,,,
EE01424,,,,,,,,
EE01441,,,,,,,,
EE03709,,,,,,,,
EE03708,,,,,,,,
EE03703,,,,,,,,
EE03704,,,,,,,,
EE03705,,,,,,,,
EE03706,,,,,,,,
EE03731,,,,,,,,
EE03732,,,,,,,,
EE03733,,,,,,,,
EE03735,,,,,,,,
EE03736,,,,,,,,
EE03737,,,,,,,,
EE03738,,,,,,,,
EE03707,,,,,,,,
EE03372,,,,,,,,
EE03739,,,,,,,,
EE03740,,,,,,,,
EE03664,,,,,,,,
EE03665,,,,,,,,
EE03774,,,,,,,,
EE03775,,,,,,,,
EE03776,,,,,,,,
EE03666,,,,,C4389,FF04832,,
EE03667,,,,,,,,
EE03668,,,,,,,,
EE03669,,,,,C4388,FF03202,,
EE03241,,,,,,,,
EE03242,,,,,C4395,FS00146,,
EE03243,,,,,,,,
EE03244,,,,,,,,
EE03778,,,,,,,,
EE03779,,,,,,,,
EE03721,,,,,,,,
EE03722,,,,,,,,
EE03723,,,,,,,,
EE03724,,,,,,,,
EE03780,,,,,,,,
EE03711,,,,,,,,
EE03726,,,,,,,,
EE03727,,,,,,,,
EE03728,,,,,,,,
EE03729,,,,,,,,
EE03391,,,,,,,,
EE03392,,,,,,,,
EE03393,,,,,,,,
EE03394,,,,,,,,
EE03395,,,,,,,,
EE03397,,,,,,,,
EE03398,,,,,,,,
EE03399,,,,,,,,
EE03400,,,,,,,,
EE03381,,,,,,,,
EE03382,,,,,,,,
EE03383,,,,,,,,
EE03384,,,,,,,,
EE03385,,,,,,,,
EE03386,,,,,,,,
EE03387,,,,,,,,
EE03388,,,,,,,,
EE03389,,,,,,,,
EE03730,,,,,,,,
EE03246,,,,,,,,
EE03247,,,,,,,,
EE03248,,,,,,,,
EE03249,,,,,,,,
EE03250,,,,,,,,
EE03681,,,,,,,,
EE03682,,,,,,,,
EE03683,,,,,,,,
EE03373,,,,,,,,
EE03374,,,,,,,,
EE03375,,,,,,,,
EE03376,,,,,,,,
EE03377,,,,,,,,
EE03378,,,,,,,,
EE03379,,,,,,,,
EE03380,,,,,,,,
EE03712,,,,,,,,
EE03713,,,,,,,,
EE03714,,,,,,,,
EE03715,,,,,,,,
EE03716,,,,,,,,
EE03390,,,,,,,,
EE03684,,,,,,,,
EE03717,,,,,,,,
EE03720,,,,,,,,
EE03811,,,,,,,,
EE03812,,,,,,,,
EE03813,,,,,,,,
EE03814,,,,,,,,
EE03815,,,,,,,,
EE03816,,,,,,,,
EE03801,,,,,,,,
EE03802,,,,,,,,
EE03803,,,,,,,,
EE03804,,,,,,,,
EE03805,,,,,,,,
EE03806,,,,,,,,
EE03807,,,,,,,,
EE03808,,,,,,,,
EE03809,,,,,,,,
EE03810,,,,,,,,
EE03822,,,,,,,,
EE03685,,,,,,,,
EE03686,,,,,,,,
EE03687,,,,,,,,
EE03688,,,,,,,,
EE03689,,,,,,,,
EE03690,,,,,,,,
EE03791,,,,,,,,
EE03792,,,,,,,,
EE03817,,,,,,,,
EE03818,,,,,,,,
EE03793,,,,,,,,
EE03794,,,,,,,,
EE03795,,,,,,,,
EE03796,,,,,,,,
EE03401,,,,,,,,
EE03402,,,,,,,,
EE03403,,,,,,,,
EE03404,,,,,,,,
EE03405,,,,,C4402,FF04840,,
EE03406,,,,,,,,
EE03407,,,,,,,,
EE03408,,,,,,,,
EE03409,,,,,,,,
EE03410,,,,,,,,
EE03411,,,,,,,,
EE03412,,,,,,,,
EE03413,,,,,,,,
EE03414,,,,,,,,
EE03415,,,,,,,,
EE03416,,,,,,,,
EE03417,,,,,,,,
EE03418,,,,,,,,
EE03419,,,,,,,,
EE03820,,,,,,,,
EE03421,,,,,,,,
EE03422,,,,,,,,
EE03423,,,,,,,,
EE03424,,,,,,,,
EE03420,,,,,,,,
EE03797,,,,,,,,
EE03798,,,,,,,,
EE03819,,,,,,,,
EE03425,,,,,,,,
EE03426,,,,,,,,
EE03427,,,,,,,,
EE03049,,,,,,,,
EE03799,,,,,,,,
EE01389,,,,,,,,
EE01546,,,,,,,,
EE03430,,,,,,,,
EE03431,,,,,,,,
EE03433,,,,,,,,
EE03434,,,,,,,,
EE01368,EE03436,31/05/2018,,,,,,
EE03437,,,,,,,,
EE03438,,,,,,,,
EE03439,,,,,,,,
EE03440,,,,,,,,
EE03823,,,,,,,,
EE03800,,,,,,,,
EE02841,,,,,,,,
EE03951,,,,,,,,
EE03824,,,,,,,,
EE03825,,,,,,,,
EE03826,,,,,,,,
EE03827,,,,,,,,
EE03828,,,,,,,,
EE03829,,,,,,,,
EE03830,,,,,,,,
EE03952,,,,,,,,
EE03953,,,,,,,,
EE03954,,,,,,,,
EE03955,,,,,,,,
EE03956,,,,,,,,
EE03991,,,,,,,,
EE03992,,,,,,,,
EE03993,,,,,,,,
EE03994,,,,,,,,
EE03995,,,,,,,,
EE02842,,,,,,,,
EE02843,,,,,,,,
EE02844,,,,,,,,
EE02845,,,,,,,,
EE02846,,,,,,,,
EE02847,,,,,,,,
EE03996,,,,,,,,
EE03997,,,,,,,,
EE03998,,,,,,,,
EE03999,,,,,,,,
EE03957,,,,,,,,
EE04000,,,,,,,,
EE03958,,,,,,,,
EE03959,,,,,,,,
EE03960,,,,,,,,
EE03441,,,,,,,,
EE03442,,,,,,,,
EE02850,,,,,,,,
EE02849,,,,,,,,
EE02848,,,,,,,,
EE03445,,,,,,,,
EE03446,,,,,,,,
EE03447,,,,,,,,
EE03448,,,,,,,,
EE03450,,,,,,,,
EE03971,,,,,,,,
EE03972,,,,,,,,
EE03973,,,,,,,,
EE03974,,,,,,,,
EE03975,,,,,,,,
EE03976,,,,,,,,
EE03977,,,,,,,,
EE03978,,,,,,,,
EE03979,,,,,,,,
EE03980,,,,,,,,
EE03981,,,,,,,,
EE03982,,,,,,,,
EE03983,,,,,,,,
EE03984,,,,,C4404,FF04834,,
EE03985,,,,,,,,
EE03931,,,,,,,,
EE03935,,,,,,,,
EE03936,,,,,,,,
EE03937,,,,,,,,
EE03938,,,,,,,,
EE03939,,,,,,,,
EE03941,,,,,,,,
EE03942,,,,,,,,
EE03986,,,,,,,,
EE03987,,,,,,,,
EE03988,,,,,,,,
EE03989,,,,,,,,
EE03990,,,,,,,,
EE03831,,,,,,,,
EE03832,,,,,,,,
EE03833,,,,,,,,
EE03835,,,,,,,,
EE03836,,,,,,,,
EE03837,,,,,,,,
EE03838,,,,,,,,
EE03839,,,,,,,,
EE03840,,,,,,,,
EE03841,,,,,,,,
EE03842,,,,,,,,
EE03843,,,,,,,,
EE03844,,,,,,,,
EE03845,,,,,,,,
EE03846,,,,,,,,
EE03943,,,,,,,,
EE03944,,,,,,,,
EE03945,,,,,,,,
EE03912,,,,,,,,
EE03911,,,,,,,,
EE03847,,,,,,,,
EE03848,,,,,,,,
EE03849,,,,,,,,
EE03850,,,,,,,,
EE03913,,,,,,,,
EE03851,,,,,,,,
EE03946,,,,,,,,
EE03947,,,,,,,,
EE03948,,,,,,,,
EE03949,,,,,,,,
EE03924,,,,,,,,
EE03852,,,,,,,,
EE03853,,,,,,,,
EE03854,,,,,,,,
EE03855,,,,,,,,
EE03856,,,,,,,,
EE03857,,,,,,,,
EE03858,,,,,,,,
EE03859,,,,,,,,
EE03860,,,,,,,,
EE03921,,,,,,,,
EE03922,,,,,C4393 ,FF04838,,
EE03923,,,,,,,,
EE03925,,,,,,,,
EE03926,,,,,,,,
EE03927,,,,,,,,
EE03928,,,,,,,,
EE03914,,,,,,,,
EE03929,,,,,,,,
EE03930,,,,,,,,
EE03871,,,,,,,,
EE03872,,,,,,,,
EE03873,,,,,,,,
EE03874,,,,,,,,
EE03875,,,,,,,,
EE03876,,,,,,,,
EE03877,,,,,,,,
EE03878,,,,,,,,
EE03879,,,,,,,,
EE03880,,,,,,,,
EE03901,,,,,,,,
EE03902,,,,,,,,
EE03903,,,,,,,,
EE03915,,,,,,,,
EE03891,,,,,,,,
EE03892,,,,,,,,
EE03904,,,,,,,,
EE03905,,,,,,,,
EE03906,,,,,,,,
EE03907,,,,,,,,
EE03908,,,,,,,,
EE03916,,,,,,,,
EE03917,,,,,,,,
EE03918,,,,,,,,
EE03919,,,,,,,,
EE03920,,,,,,,,
EE03861,,,,,,,,
EE03862,,,,,,,,
EE03863,,,,,,,,
EE03864,,,,,,,,
EE03909,,,,,,,,
EE03910,,,,,,,,
EE03893,,,,,,,,
EE03821,,,,,,,,
EE03865,,,,,,,,
EE03881,,,,,,,,
EE03882,,,,,,,,
EE03883,,,,,,,,
EE03884,,,,,,,,
EE03885,,,,,,,,
EE03886,,,,,,,,
EE03887,,,,,,,,
EE03894,,,,,,,,
EE03895,,,,,,,,
EE03866,,,,,,,,
EE03867,,,,,,,,
EE03868,,,,,,,,
EE03869,,,,,,,,
EE03870,,,,,,,,
EE03896,,,,,,,,
EE03888,,,,,,,,
EE03889,,,,,,,,
EE03890,,,,,,,,
EE03961,,,,,,,,
EE03962,,,,,,,,
EE02005,,,,,,,,
EE03897,,,,,,,,
EE03898,,,,,,,,
EE03899,,,,,,,,
EE03900,,,,,,,,
EE03963,,,,,,,,
EE04021,,,,,,,,
EE04022,,,,,,,,
EE04023,,,,,,,,
EE04024,,,,,,,,
EE04025,,,,,,,,
EE04026,,,,,,,,
EE04027,,,,,,,,
EE04028,,,,,,,,
EE04029,,,,,,,,
EE04030,,,,,,,,
EE04032,,,,,,,,
EE03964,,,,,,,,
EE03965,,,,,,,,
EE03966,,,,,,,,
EE03967,,,,,,,,
EE03968,,,,,,,,
EE03969,,,,,,,,
EE03970,,,,,,,,
EE04001,,,,,,,,
EE04002,,,,,,,,
EE04003,,,,,,,,
EE04033,,,,,,,,
EE04034,,,,,,,,
EE04087,,,,,,,,
EE04004,,,,,,,,
EE04005,,,,,,,,
EE04006,,,,,,,,
EE04007,,,,,,,,
EE04008,,,,,,,,
EE04009,,,,,,,,
EE04010,,,,,,,,
EE04083,,,,,,,,
EE04081,,,,,,,,
EE04082,,,,,,,,
EE04084,,,,,,,,
EE04085,,,,,,,,
EE04011,,,,,,,,
EE04086,,,,,,,,
EE04035,,,,,,,,
EE04036,,,,,,,,
EE02001,,,,,,,,
EE01378,EE04338,29/04/2019,,,,,,
EE01169,EE04340,29/04/2019,,,,,ringed on left,
EE01501,EE04327,29/04/2019,,,,,,
EE04228,,,,Pinpoint49101,C4384,FF04829,Apr-19,
FF03201,,,,,C4377,NA,,
EE04185,,,,,C4378,FF03205,,
EE04096,,,,Pinpoint49100,C4380,FF03209,Apr-19,
EE04324,,,,,C4400,FF03210,,
EE04070,,,,,C4385,FF04836,,
FF04839,,,,,C4396,NA,,
EE06597,,,,,C4399,FS00147,,
EE04105,,,,,C4401,FF03211,,
EE04037,,,,,,,,
EE04221,,,,,,,,
EE04222,,,,,,,,
EE04223,,,,,,,,
EE04224,,,,,,,,
EE04090,,,,,,,,
EE04211,,,,,,,,
EE04212,,,,,,,,
EE04226,,,,,,,,
EE04227,,,,,,,,
EE04229,,,,Pinpoint49103,,,Apr-19,
EE04230,,,,,,,,
EE04231,,,,,,,,
EE04232,,,,,,,,
EE04233,,,,,,,,
EE04234,,,,,,,,
EE04038,,,,,,,,
EE04039,,,,,,,,
EE04040,,,,,,,,
EE04235,,,,,,,,
EE04213,,,,,,,,
EE04241,,,,,,,,
EE04242,,,,,,,,
EE04243,,,,,,,,
EE04244,,,,,,,,
EE04220,,,,,,,,
EE04219,,,,,,,,
EE04218,,,,,,,,
EE04291,,,,,,,,
EE04236,,,,,,,,
EE04237,,,,,,,,
EE04239,,,,,,,,
EE04240,,,,,,,,
EE04214,,,,Pinpoint49104,,,Mar-19,
EE04215,,,,,,,,
EE04216,,,,,,,,
EE04217,,,,,,,,
EE04245,,,,,,,,
EE04247,,,,Pinpoint49099,,,Mar-19,
EE04292,,,,,,,,
EE04248,,,,,,,,
EE04249,,,,,,,,
EE04250,,,,,,,,
EE04282,,,,,,,,
EE04283,,,,,,,,
EE04284,,,,,,,,
EE04285,,,,,,,,
EE04286,,,,,,,,
EE04287,,,,,,,,
EE04341,,,,,,,,
EE04201,,,,,,,,
EE04202,,,,,,,,
EE04203,,,,,,,,
EE04204,,,,,,,,
EE04205,,,,,,,,
EE04206,,,,,,,,
EE04293,,,,,,,,
EE04261,,,,,,,,
EE04262,,,,,,,,
EE04263,,,,,,,,
EE04264,,,,,,,,
EE04265,,,,,,,,
EE04294,,,,,,,,
EE04295,,,,,,,,
EE04296,,,,,,,,
EE04297,,,,,,,,
EE04298,,,,,,,,
EE04299,,,,,,,,
EE04300,,,,,,,,
EE04266,,,,,,,,
EE04267,,,,,,,,
EE04207,,,,,,,,
EE04208,,,,,,,,
EE04209,,,,,,,,
EE04210,,,,,,,,
EE04288,,,,,,,,
EE04289,,,,,,,,
EE04091,,,,,,,,
EE04092,,,,,,,,
EE04093,,,,,,,,
EE04094,,,,,,,,
EE04321,,,,,,,,
EE04268,,,,,,,,
EE04322,,,,,,,,
EE04095,,,,Pinpoint49098,,,Apr-19,
EE04097,,,,,,,,
EE04098,,,,,,,,
EE04099,,,,,,,,
EE04100,,,,,,,,
EE04323,,,,,,,,
EE04331,,,,,,,,
EE04332,,,,,,,,
EE04333,,,,,,,,
EE04334,,,,,,,,
EE04335,,,,,,,,
EE04336,,,,,,,,
EE04020,,,,,,,,
EE04012,,,,,,,,
EE04013,,,,,,,,
EE04325,,,,,,,,
EE04326,,,,,,,,
EE04328,,,,,,,,
EE04329,,,,,,,,
EE04312,,,,,,,,
EE04313,,,,,,,,
EE04314,,,,,,,,
EE04315,,,,,,,,
EE04317,,,,,,,,
EE04015,,,,,,,,
EE04016,,,,,,,,
EE04017,,,,,,,,
EE04318,,,,,,,,
EE04319,,,,,,,,
EE04320,,,,,,,,
EE04041,,,,,,,,
EE04042,,,,,,,,
EE04043,,,,,,,,
EE04044,,,,,,,,
EE04045,,,,,,,,
EE04046,,,,,,,,
EE04047,,,,,,,,
EE04048,,,,,,,,
EE04049,,,,,,,,
EE04050,,,,,,,,
EE04018,,,,,,,,
EE04019,,,,,,,,
EE04342,,,,,,,,
EE04344,,,,,,,,
EE04345,,,,,,,,
EE04346,,,,,,,,
EE04347,,,,,,,,
EE04051,,,,,,,,
EE04052,,,,,,,,
EE04053,,,,,,,,
EE04054,,,,,,,,
EE04055,,,,,,,,
EE04061,,,,,,,,
EE04062,,,,,,,,
EE04063,,,,,,,,
EE04064,,,,,,,,
EE04065,,,,,,,,
EE04066,,,,,,,,
EE04348,,,,,,,,
EE04349,,,,,,,,
EE04350,,,,,,,,
FS00141,,,,,,,,
EE04067,,,,,,,,
EE04068,,,,,,,,
EE04069,,,,,,,,
EE04301,,,,,,,,
EE04302,,,,,,,,
EE04303,,,,,,,,
EE04304,,,,,,,,
EE04305,,,,,,,,
EE04306,,,,,,,,
EE04307,,,,,,,,
EE04308,,,,,,,,
EE04106,,,,,,,,
EE04107,,,,,,,,
EE04108,,,,,,,,
EE04109,,,,,,,,
EE04056,,,,,,,,
EE04057,,,,,,,,
EE04058,,,,,,,,
EE04059,,,,,,,,
EE04060,,,,,,,,
EE04101,,,,,,,,
EE04102,,,,,,,,
EE04103,,,,,,,,
EE04104,,,,,,,,
EE04110,,,,,,,,
EE04271,,,,,,,,
EE04272,,,,,,,,
EE04309,,,,,,,,
EE04310,,,,,,,,
EE04112,,,,,,,,
EE04113,,,,,,,,
EE04273,,,,,,,,
EE04274,,,,,,,,
EE04114,,,,,,,,
EE04115,,,,,,,,
EE04275,,,,,,,,
EE04276,,,,,,,,
EE04277,,,,,,,,
EE04278,,,,,,,,
EE04279,,,,,,,,
EE04280,,,,,,,,
EE04121,,,,,,,,
EE04122,,,,,,,,
EE04123,,,,,,,,
EE04117,,,,,,,,
EE04131,,,,,,,,
EE04132,,,,,,,,
EE04133,,,,,,,,
EE04134,,,,,,,,
EE04135,,,,,,,,
EE04136,,,,,,,,
EE04137,,,,,,,,
EE04138,,,,,,,,
EE04139,,,,,,,,
EE04140,,,,,,,,
EE04191,,,,,,,,
EE04129,,,,,,,,
EE04130,,,,,,,,
EE04118,,,,,,,,
EE04119,,,,,,,,
EE04120,,,,,,,,
EE04141,,,,,,,,
EE04142,,,,,,,,
EE04124,,,,,,,,
EE04125,,,,,,,,
EE04126,,,,,,,,
EE04127,,,,,,,,
EE04128,,,,,,,,
EE04143,,,,,,,,
EE04144,,,,,,,,
EE04147,,,,,,,,
EE04148,,,,,,,,
EE04149,,,,,,,,
EE04150,,,,,,,,
EE04146,,,,,,,,
EE04155,,,,,,,,
EE04200,,,,,,,,
EE04194,,,,,,,,
EE04195,,,,,,,,
EE04196,,,,,,,,
EE04197,,,,,,,,
EE04198,,,,,,,,
EE04199,,,,,,,,
EE04153,,,,,,,,
EE04154,,,,,,,,
EE04180,,,,,,,,
EE04071,,,,,,,,
EE04186,,,,,,,,
EE04187,,,,,,,,
EE04189,,,,,,,,
EE04161,,,,,,,,
EE06511,,,,,,,,
EE06512,,,,,,,,
EE06513,,,,,,,,
EE06514,,,,,,,,
EE06515,,,,,,,,
EE06516,,,,,,,,
EE06517,,,,,,,,
EE06518,,,,,,,,
EE06519,,,,,,,,
EE06520,,,,,,,,
EE06521,,,,,,,,
EE04163,,,,,,,,
EE04164,,,,,,,,
EE04165,,,,,,,,
FS01095,,,,,,,,
EE04166,,,,,,,,
EE04181,,,,,,,,
EE04192,,,,,,,,
EE04193,,,,,,,,
EE04171,,,,,,,,
EE04172,,,,,,,,
EE04173,,,,,,,,
EE04177,,,,,,,,
EE04178,,,,,,,,
EE04151,,,,,,,,
EE04152,,,,,,,,
EE04183,,,,,,,,
EE04156,,,,,,,,
EE04157,,,,,,,,
EE04158,,,,,,,,
EE04159,,,,,,,,
EE04160,,,,,,,,
EE04179,,,,,,,,
EE04072,,,,,,,,
EE04073,,,,,,,,
EE04074,,,,,,,,
EE04075,,,,,,,,
EE04076,,,,,,,,
EE04077,,,,,,,,
EE04167,,,,,,,,
EE04168,,,,,,,,
EE04169,,,,,,,,
EE04078,,,,,,,,
EE06561,,,,,,,,
EE06562,,,,,,,,
EE06563,,,,,,,,
EE06564,,,,,,,,
EE06565,,,,,,,,
EE06501,,,,,,,,
EE06502,,,,,,,,
EE06503,,,,,,,,
EE06527,,,,,,,,
EE06528,,,,,,,,
EE06529,,,,,,,,
EE06530,,,,,,,,
EE06522,,,,,,,,
EE06523,,,,,,,,
EE06524,,,,,,,,
EE06525,,,,,,,,
EE06526,,,,,,,,
EE04079,,,,,,,,
EE04080,,,,,,,,
EE06566,,,,,,,,
EE06567,,,,,,,,
EE06568,,,,,,,,
EE06570,,,,,,,,
EE06571,,,,,,,,
EE06572,,,,,,,,
EE06573,,,,,,,,
EE06574,,,,,,,,
EE06575,,,,,,,,
EE06576,,,,,,,,
EE06591,,,,,,,,
EE06592,,,,,,,,
EE06577,,,,,,,,
EE06578,,,,,,,,
EE06506,,,,,,,,
EE06507,,,,,,,,
EE06508,,,,,,,,
EE06509,,,,,,,,
EE06510,,,,,,,,
EE06541,,,,,,,,
EE06542,,,,,,,,
EE06543,,,,,,,,
EE06544,,,,,,,,
EE06545,,,,,,,,
EE06546,,,,,,,,
EE06547,,,,,,,,
EE06548,,,,,,,,
EE06549,,,,,,,,
EE04170,,,,,,,,
EE06579,,,,,,,,
EE06580,,,,,,,,
EE06504,,,,,,,,
EE06593,,,,,,,,
EE06594,,,,,,,,
EE06595,,,,,,,,
EE06596,,,,,,,,
EE06598,,,,,,,,
EE06601,,,,,,,,
EE06602,,,,,,,,
EE06603,,,,,,,,
EE06604,,,,,,,,
EE06550,,,,,,,,
EE06531,,,,,,,,
EE06532,,,,,,,,
EE06533,,,,,,,,
EE06534,,,,,,,,
EE06605,,,,,,,,
EE06606,,,,,,,,
EE06607,,,,,,,,
EE06608,,,,,,,,
EE06643,,,,,,,,
EE06644,,,,,,,,
EE06641,,,,,,,,
EE06642,,,,,,,,
EE06645,,,,,,,,
EE06582,,,,,,,,
EE06581,,,,,,,,
EE06646,,,,,,,,
EE03482,,,,,,,,
EE06505,,,,,,,,
