Errors,site,Cave_string,ringingDate,month,Year,Hour,HourTime,type,ringnumber,Replacement,age,sex,winglength,weight,billlength,billheight,tarsus,TH,middletoe,Head,BLnalopsi,ringer,cave,nest_or_direction,Tag details,BP,Notes,Prospector
,"L-Ahrax Point, Mellieha",MT09_RM01,26/01/2022,1,2022,19,19:00:00,R,EE06836,0,4,M,,380,,,,,,,,BLM seabird project,Big_crack,NB22,,,,0
,"L-Ahrax Point, Mellieha",MT09_RM01,08/02/2022,2,2022,17,17:30:00,N,EE04815,0,4,,,365,35.2,7.4,45,6.8,42.3,,26,BLM seabird project,big_crack,NB18,,BP0,,0
,"L-Ahrax Point, Mellieha",MT09_RM01,09/02/2022,2,2022,6,06:00:00,R,EE04815,0,4,,,,,,,,,,,BLM seabird project,big_crack,NB18,,,,0
,"L-Ahrax Point, Mellieha",MT09_RM01,02/03/2022,3,2022,12,12:15:00,R,FF03205,0,4,,,435,,,,,,,,BLM seabird project,big_crack,NB20,,BP2,ringed on left,0
,"L-Ahrax Point, Mellieha",MT09_RM01,16/03/2022,3,2022,18,18:30:00,R,EE03004,0,4,,,360,,,,,,,,BLM seabird project,big_crack,NB2,,,,0
,"L-Ahrax Point, Mellieha",MT09_RM01,16/03/2022,3,2022,18,18:40:00,R,EE04229,0,4,,,335,,,,,,,,BLM seabird project,big_crack,NB23,,,,0
,"L-Ahrax Point, Mellieha",MT09_RM01,16/03/2022,3,2022,18,18:50:00,R,EE04226,0,4,,,380,,,,,,,,BLM seabird project,big_crack,NB20,,,,0
,"L-Ahrax Point, Mellieha",MT09_RM01,16/03/2022,3,2022,19,19:00:00,N,EE04816,0,4,F,,360,,6.9,43,7.1,44.9,45.9,24.6,BLM seabird project,big_crack,NB,,BP2,,0
,"L-Ahrax Point, Mellieha",MT09_RM01,16/03/2022,3,2022,18,18:35:00,N,EE04541,0,4,,,380,,,,,,,,BLM seabird project,Under_boulder,NB7,,BP2,,0
,"L-Ahrax Point, Mellieha",MT09_RM01,16/03/2022,3,2022,19,19:00:00,N,EE04542,0,4,M,,370,,,,,,,,BLM seabird project,,NB27,,BP2,,0
,,MT24_Majjistral_South_4,22/03/2022,3,2022,19,19:35:00,R,EE02596,0,4,,,385,,,,,,,,BLM seabird project,,wayin,,BP1,,0
,,MT24_Majjistral_South_4,22/03/2022,3,2022,19,19:37:00,R,EE03947,0,4,,,410,,,,,,,,BLM seabird project,,wayin,,BP2,,0
,,MT24_Majjistral_South_4,22/03/2022,3,2022,19,19:53:00,R,EE04346,0,4,,,360,,,,,,,,BLM seabird project,,wayin,,BP2,,0
,,MT24_Majjistral_South_4,22/03/2022,3,2022,19,19:57:00,R,EE03923,0,4,,,380,,,,,,,,BLM seabird project,,wayin,,BP2,,0
,,MT24_Majjistral_South_4,22/03/2022,3,2022,20,20:01:00,R,EE04279,0,4,,,360,,,,,,,,BLM seabird project,,wayin,,BP2,,0
,,MT24_Majjistral_South_4,22/03/2022,3,2022,20,20:23:00,R,EE04745,0,4,,,370,,,,,,,,BLM seabird project,,wayin,,BP0,,0
,,MT24_Majjistral_South_4,22/03/2022,3,2022,20,20:27:00,R,EE03949,0,4,,,385,,,,,,,,BLM seabird project,,wayin,,BP2,,0
,,MT24_Majjistral_Eggshell,22/03/2022,3,2022,19,19:45:00,R,EE06854,0,4,,,335,,,,,,,,BLM seabird project,,wayin,,,,0
,,MT24_Majjistral_Eggshell,22/03/2022,3,2022,20,20:10:00,R,EE04715,0,4,,,360,,,,,,,,BLM seabird project,,wayin,,,,0
,,MT24_Majjistral_Eggshell,22/03/2022,3,2022,20,20:35:00,R,EE02622,0,4,,,340,,,,,,,,BLM seabird project,,wayin,,,,0
,,MT24_Majjistral_Thomas,22/03/2022,3,2022,19,19:00:00,R,EE03597,0,4,,,385,,,,,,,,BLM seabird project,,NS1a,,BP1,,0
,,MT24_Majjistral_Thomas,22/03/2022,3,2022,19,19:17:00,R,EE02240,0,4,M,,410,,,,,,,,BLM seabird project,,way in,,BP2,,0
,,MT22_StPauls_Nestboxledge,24/03/2022,3,2022,17,17:13:00,N,EE04826,0,4,,,355,,7.8,45.1,6.9,,49.1,28.1,BLM seabird project,,NB3,,,,0
1,,MT22_StPauls_Nestboxledge,24/03/2022,3,2022,17,17:21:00,N,EE04827,0,4,,,375,,7.5,,,,,28.4,BLM seabird project,,NB15,DUPLICATED RING NUMBER BUT ALL SEEMS CORRECT IN NOTEBOOKS. PROBABLY 24/04/2022 ENTRY IS THE ERROR AND RING WAS NOT PLACED ON BIRD BUT KEEPING IN CASE THERE WERE DUPLICATES ON STRING,,,0
,"L-Ahrax Point, Mellieha",MT09_RM05BT_Lower,01/04/2022,4,2022,20,20:39:00,R,EE06988,0,4,,,,,,,,,,,BLM seabird project,,way in,,,,0
,"L-Ahrax Point, Mellieha",MT09_RM05BT_Lower,01/04/2022,4,2022,21,21:14:00,N,EE04543,0,4,F,,,,,,,,,,BLM seabird project,,way in,,BP2,,0
,"L-Ahrax Point, Mellieha",MT09_RM05BT_Lower,01/04/2022,4,2022,21,21:22:00,N,EE04544,0,4,,,,,,,,,,,BLM seabird project,,way in,,BP0,,0
,"L-Ahrax Point, Mellieha",MT09_RM05BT_Lower,01/04/2022,4,2022,21,21:27:00,R,EE04313,0,4,,,,,,,,,,,BLM seabird project,,way in,,BP3,,0
,"L-Ahrax Point, Mellieha",MT09_RM05BT_Lower,01/04/2022,4,2022,21,21:34:00,N,EE04551,0,4,F,233,360,33.8,7.3,44.4,,,,,BLM seabird project,,way in,,BP1,,0
,"L-Ahrax Point, Mellieha",MT09_RM01,28/03/2022,3,2022,13,13:08:00,R,EE02730,0,4,,,370,,,,,,,,BLM seabird project,Big_crack,NB2,GLS retrieved,BP1,,0
,"L-Ahrax Point, Mellieha",MT09_RM01,28/03/2022,3,2022,13,13:10:00,R,EE04039,0,4,,,310,,,,,,,,BLM seabird project,Big_crack,NB23,,BP1,,0
,"L-Ahrax Point, Mellieha",MT09_RM01,28/03/2022,3,2022,13,13:14:00,R,EE02421,0,4,,,335,,,,,,,,BLM seabird project,Big_crack,NB19,,BP1,,0
,"L-Ahrax Point, Mellieha",MT09_RM01,28/03/2022,3,2022,13,13:20:00,R,FF03205,0,4,,,320,,,,,,,,BLM seabird project,Big_crack,NB20,,BP1,,0
,"L-Ahrax Point, Mellieha",MT09_RM01,28/03/2022,3,2022,13,13:27:00,R,EE04816,0,4,,,385,,,,,,,,BLM seabird project,Big_crack,NB22,,BP1,,0
,"L-Ahrax Point, Mellieha",MT09_RM01,01/04/2022,4,2022,17,17:55:00,R,EE03004,0,4,,,330,,,,,,,,BLM seabird project,Big_crack,NB2,,,samples  taken for raul (not GLS bird),0
,,MT17_Cominotto_3,19/04/2022,4,2022,22,22:30:00,R,EE03683,0,4,,,365,,,,,,,,BLM seabird project,,way in,,,,0
,,MT17_Cominotto_1,19/04/2022,4,2022,22,22:45:00,R,EE03683,0,4,,,380,,,,,,,,BLM seabird project,,way in,,,,0
,,MT17_Cominotto_3,19/04/2022,4,2022,23,23:10:00,N,EE04844,0,4,,,360,,,,,,,,BLM seabird project,,way in,,BP4,,0
,,MT17_Cominotto_2,19/04/2022,4,2022,20,20:55:00,R,EE06799,0,4,,,380,,,,,,,,BLM seabird project,,way in,,,,0
,,MT17_Cominotto_2,19/04/2022,4,2022,21,21:03:00,R,EE04720,0,4,,,,,,,,,,,BLM seabird project,,way in,,,vomited,0
,,MT17_Cominotto_2,19/04/2022,4,2022,21,21:11:00,R,EE06797,0,4,,,420,,,,,,,,BLM seabird project,,way in,,,,0
,,MT17_Cominotto_2,19/04/2022,4,2022,21,21:20:00,N,EE04841,0,4,,,410,,,,,,,,BLM seabird project,,way in,,BP4,,0
,,MT17_Cominotto_2,19/04/2022,4,2022,21,21:32:00,R,EE04748,0,4,,,360,,,,,,,,BLM seabird project,,way in,,,,0
,,MT17_Cominotto_2,19/04/2022,4,2022,22,22:05:00,N,EE04842,0,4,,,410,,,,,,,,BLM seabird project,,way in,,BP2,,0
,,MT17_Cominotto_2,19/04/2022,4,2022,22,22:35:00,R,EE04717,0,4,,,440,,,,,,,,BLM seabird project,,way in,,,,0
,,MT17_Cominotto_2,19/04/2022,4,2022,22,22:37:00,N,EE04843,0,4,,,310,,,,,,,,BLM seabird project,,way out,,BP4,overlapped,0
,,MT17_Cominotto_2,19/04/2022,4,2022,22,22:47:00,R,EE03682,0,4,,,490,,,,,,,,BLM seabird project,,way in,,,,0
,,MT17_Cominotto_2,19/04/2022,4,2022,23,23:03:00,R,EE03084,0,4,,,520,,,,,,,,BLM seabird project,,way in,,,,0
,,MT17_Cominotto_4,19/04/2022,4,2022,20,20:56:00,N,EE04552,0,4,M,,410,,,,,,,,BLM seabird project,,way in,,BP3,,0
,,MT17_Cominotto_4,19/04/2022,4,2022,21,21:03:00,R,EE06882,0,4,,,440,,,,,,,,BLM seabird project,,way in,,BP1,,0
,,MT17_Cominotto_4,19/04/2022,4,2022,21,21:17:00,R,EE06883,0,4,F,,445,,,,,,,,BLM seabird project,,way in,,BP4,,0
,,MT17_Cominotto_4,19/04/2022,4,2022,22,22:02:00,R,EE04220,0,4,F,,435,,,,,,,,BLM seabird project,,way in,,BP4,,0
,,MT17_Cominotto_4,19/04/2022,4,2022,22,22:22:00,R,EE06884,0,4,F,,470,,,,,,,,BLM seabird project,,way in,,BP4,,0
,,MT24_Majjistral_Eggshell,11/04/2022,4,2022,20,20:50:00,R,EE04236,0,4,,,390,,,,,,,,BLM seabird project,,way in,,BP3,,0
,,MT24_Majjistral_Thomas,11/04/2022,4,2022,20,20:58:00,R,EE03060,0,4,,,,,,,,,,,BLM seabird project,,way in,,,overlapped as slipping off foot,0
,,MT24_Majjistral_Thomas,11/04/2022,4,2022,21,21:10:00,R,EE02625,0,4,,,,,,,,,,,BLM seabird project,,way in,,,,0
,,MT09_RM01,22/04/2022,4,2022,18,18:10:00,R,EE03132,0,4,,,330,,,,,,,,BLM seabird project,Big_crack,NB18,,BP3,ringed on left,0
,,MT09_RM01,22/04/2022,4,2022,18,18:17:00,R,EE04228,0,4,,,375,36.7,7.2,48,6.9,48.2,49.2,28.2,BLM seabird project,Big_crack,NB19,BW119 ret,BP3,sampled,0
,,MT09_RM01,22/04/2022,4,2022,18,18:45:00,R,EE02730,0,4,,234,,35.9,7.9,47.1,6.8,44.2,49.6,27.1,BLM seabird project,Big_crack,NB02,,BP4,sampled,0
,,MT09_RM04A,22/04/2022,4,2022,21,21:06:00,R,EE03306,0,4,,,380,,,,,,,,BLM seabird project,,way in,Axy05 dep,,,0
,,MT09_RM04A,22/04/2022,4,2022,21,21:10:00,R,EE04225,0,4,,,390,,,,,,,,BLM seabird project,,way in,Axy07 dep,,,0
,,MT09_RM04A,22/04/2022,4,2022,21,21:30:00,N,EE04545,0,4,,,360,,,,,,,,BLM seabird project,,way in,,BP2,overlapped,0
,,MT09_RM04A,22/04/2022,4,2022,21,21:45:00,R,EE06589,0,4,,,360,,,,,,,,BLM seabird project,,way in,,BP4,overlapped,0
,,MT09_RM04A,22/04/2022,4,2022,21,21:58:00,R,EE06934,0,4,,,380,,,,,,,,BLM seabird project,,way in,Axy04 dep,,,0
,,MT09_RM04A,22/04/2022,4,2022,22,22:05:00,N,EE04546,0,4,,,370,,,,,,,,BLM seabird project,,way in,,BP4,"overlapped, possible lost ring",0
,,MT09_RM04A,22/04/2022,4,2022,22,22:55:00,N,EE04547,0,4,,,390,,,,,,,,BLM seabird project,,way in,,BP4,overlapped,0
,,MT09_RM04A,22/04/2022,4,2022,23,23:23:00,R,EE03243,0,4,,,410,,,,,,,,BLM seabird project,,way in,Axy14 dep,,,0
,,MT09_RM05GC_Central,22/04/2022,4,2022,20,20:38:00,R,EE06540,0,4,,,435,,,,,,,,BLM seabird project,cave 2,way in,,BP4,,0
,,MT09_RM05GC_Central,22/04/2022,4,2022,20,20:49:00,N,EE04583,0,4,,,310,,,,,,,,BLM seabird project,cave 2,way in,,BP4,,0
,,MT09_RM05GC_Central,22/04/2022,4,2022,20,20:54:00,N,EE04584,0,4,,,340,,,,,,,,BLM seabird project,cave 2,way in,,BP4,,0
,,MT09_RM05GC_Central,22/04/2022,4,2022,21,21:06:00,R,EE06669,0,4,,,480,,,,,,,,BLM seabird project,cave 2,way in,,BP4,,0
,,MT09_RM05GC_Central,22/04/2022,4,2022,21,21:06:00,R,EE03960,0,4,,,330,,,,,,,,BLM seabird project,cave 2,way in,,BP5,,0
,,MT09_RM05GC_Central,22/04/2022,4,2022,21,21:12:00,R,EE03198,0,4,,,335,,,,,,,,BLM seabird project,cave 2,way in,,BP5,,0
,,MT09_RM05GC_Central,22/04/2022,4,2022,21,21:16:00,N,EE04585,0,4,,,320,,,,,,,,BLM seabird project,cave 2,way in,,BP5,,0
,,MT09_RM05GC_Central,22/04/2022,4,2022,21,21:44:00,R,EE03977,0,4,,,380,,,,,,,,BLM seabird project,cave 2,way in,,BP5,,0
,,MT09_RM05GC_Central,22/04/2022,4,2022,21,21:44:00,N,EE04586,0,4,,,320,,,,,,,,BLM seabird project,cave 2,way in,,BP4,,0
,,MT09_RM05GC_Central,22/04/2022,4,2022,22,22:00:00,R,EE03960,0,4,,,,,,,,,,,BLM seabird project,cave 2,way out,,,,0
,,MT09_RM05GC_Central,22/04/2022,4,2022,22,22:05:00,R,EE06540,0,4,,,390,,,,,,,,BLM seabird project,cave 2,way in,,BP4,,0
,,MT09_RM05GC_Central,22/04/2022,4,2022,22,22:35:00,R,EE06657,0,4,,,380,,,,,,,,BLM seabird project,cave 2,way in,,BP5,,0
,,MT09_RM05GC_Central,22/04/2022,4,2022,22,22:45:00,R,EE04175,0,4,,,400,,,,,,,,BLM seabird project,cave 2,way in,,BP4,,0
1,,MT09_RM05GC_South,22/04/2022,4,2022,21,21:05:00,N,EE04827,0,4,,,340,,7.5,45.1,,43.8,48,27.3,BLM seabird project,cave1,way in,DUPLICATED RING NUMBER BUT ALL SEEMS CORRECT IN NOTEBOOKS,BP4,,0
,,MT09_RM05GC_South,22/04/2022,4,2022,21,21:24:00,N,EE04828,0,4,,,390,,7.4,,,,,26.4,BLM seabird project,cave1,way in,,BP4,,0
,,MT09_RM05GC_South,22/04/2022,4,2022,21,21:26:00,R,EE06971,0,4,,,335,,,,,,,,BLM seabird project,cave1,way in,,BP4,,0
,,MT09_RM05GC_South,22/04/2022,4,2022,21,21:27:00,N,EE04829,0,4,,,340,,7.4,43.6,,,,25.6,BLM seabird project,cave1,way in,,BP4,,0
,,MT09_RM05GC_South,22/04/2022,4,2022,21,21:35:00,R,EE01967,0,4,,,410,,,,,,,,BLM seabird project,cave1,way in,,BP3,,0
,,MT09_RM05GC_South,22/04/2022,4,2022,21,21:42:00,N,EE04830,0,4,,,335,,8.3,45.1,,44.9,48.7,30.2,BLM seabird project,cave1,way in,,BP3,,0
,,MT09_RM05GC_South,22/04/2022,4,2022,21,21:55:00,R,EE03707,0,4,,,385,,,,,,,,BLM seabird project,cave1,way in,,BP3,,0
,,MT09_RM05GC_South,22/04/2022,4,2022,22,22:21:00,R,EE06897,0,4,,,375,,,,,,,,BLM seabird project,cave1,way in,,BP4,,0
,,MT09_RM01,11/04/2022,4,2022,16,16:33:00,R,EE04815,0,4,,,365,,,,,,,,BLM seabird project,Big_crack,NB18,,,,0
,,MT09_RM01,11/04/2022,4,2022,16,16:42:00,R,EE02421,0,4,,,370,,,,,,,,BLM seabird project,Big_crack,NB19,,,,0
,,MT09_RM01,11/04/2022,4,2022,16,16:57:00,R,EE04226,0,4,,,385,,,,,,,,BLM seabird project,Big_crack,NB20,GPS11 dep,,,0
,,MT22_StPauls_Nestboxledge,26/04/2022,4,2022,16,18:00:00,R,EE04096,0,4,,,360,,,,,,,,BLM seabird project,Nest box ledge,NB3,,,,0
,,MT22_StPauls_Nestboxledge,26/04/2022,4,2022,16,18:00:00,N,EE04817,0,4,,,,,,,,,,,BLM seabird project,,,No record in notebook but presumed that it was ringed on this day and location based on sequence and recapture of individual,,,
,,MT09_RM04A,02/05/2022,5,2022,20,20:30:00,R,EE02734,0,4,,,410,,,,,,,,BLM seabird project,RM04A,way in,,BP4,,0
,,MT09_RM04A,02/05/2022,5,2022,20,20:45:00,N,EE04818,0,4,,,360,,,,,,,,BLM seabird project,RM04A,way in,,BP4,,0
,,MT09_RM04A,02/05/2022,5,2022,20,20:53:00,R,EE03753,0,4,,,420,,,,,,,,BLM seabird project,RM04A,way in,,BP5,,0
,,MT09_RM04A,02/05/2022,5,2022,21,21:01:00,R,EE06931,0,4,,,380,,,,,,,,BLM seabird project,RM04A,way in,,BP4,,0
,,MT09_RM04A,02/05/2022,5,2022,21,21:08:00,R,EE03318,0,4,,,410,,,,,,,,BLM seabird project,RM04A,way in,,BP5,,0
,,MT09_RM04A,02/05/2022,5,2022,21,21:16:00,R,EE04212,0,4,,,385,,,,,,,,BLM seabird project,RM04A,way in,,BP5,,0
,,MT09_RM04AB,02/05/2022,5,2022,21,21:10:00,N,EE04819,0,4,,,440,,,,,,,,BLM seabird project,RM04AB,way in,,BP5,,0
,,MT09_RM04A,02/05/2022,5,2022,21,21:22:00,R,EE03332,0,4,,,420,,,,,,,,BLM seabird project,RM04A,way in,,BP5,,0
,,MT09_RM04A,02/05/2022,5,2022,21,21:25:00,R,EE03330,0,4,,,385,,,,,,,,BLM seabird project,RM04A,way in,,BP5,,0
,,MT09_RM04A,02/05/2022,5,2022,21,21:37:00,R,EE06708,0,4,,,335,,,,,,,,BLM seabird project,RM04A,way in,,BP5,,0
,,MT09_RM04A,02/05/2022,5,2022,21,21:47:00,R,EE06589,0,4,,,310,,,,,,,,BLM seabird project,RM04A,way in,,BP4,,0
,,MT09_RM04A,02/05/2022,5,2022,22,22:09:00,N,EE04820,0,4,,,340,,,,,,,,BLM seabird project,RM04A,way in,,BP5,,0
,,MT09_RM04A,02/05/2022,5,2022,22,22:35:00,N,EE04532,0,4,,,355,,,,,,,,BLM seabird project,RM04A,way in,,BP5,,0
,,MT09_RM04A,02/05/2022,5,2022,22,22:49:00,R,EE06596,0,4,,,360,,,,,,,,BLM seabird project,RM04A,way in,,BP5,,0
,,MT09_RM01,02/05/2022,5,2022,23,23:50:00,N,EE04533,0,4,,,280,,,,,,,,BLM seabird project,RM01,,,BP5,,0
,,MT09_RM01,02/05/2022,5,2022,23,23:55:00,R,EE04226,0,4,,,385,,,,,,,,BLM seabird project,RM01,NB20,GPs11 ret,BP5,,0
,,MT09_RM04A,03/05/2022,5,2022,20,20:54:00,R,EE04031,0,4,,,390,,,,,,,,BLM seabird project,RM04A,way in,,BP6,,0
,,MT09_RM04A,03/05/2022,5,2022,21,21:05:00,R,EE06535,0,4,,,390,,,,,,,,BLM seabird project,RM04A,way in,,BP5,,0
,,MT09_RM04A,03/05/2022,5,2022,21,21:20:00,R,EE03753,0,4,,,410,,,,,,,,BLM seabird project,RM04A,way in,GPS 11 dep,BP5,,0
,,MT09_RM04A,03/05/2022,5,2022,21,21:50:00,R,EE03332,0,4,,,420,,,,,,,,BLM seabird project,RM04A,way in,GPS 10 dep,BP5,,0
,,MT09_RM04A,03/05/2022,5,2022,22,22:36:00,R,EE06708,0,4,,,340,,,,,,,,BLM seabird project,RM04A,way in,,BP5,,0
,,MT09_RM04A,03/05/2022,5,2022,22,22:36:00,R,EE02841,0,4,,,400,,,,,,,,BLM seabird project,RM04A,way in,,BP5,,0
,,MT09_RM04A,03/05/2022,5,2022,22,22:42:00,R,EE04212,0,4,,,420,,,,,,,,BLM seabird project,RM04A,way in,,BP5,,0
,,MT09_RM04A,03/05/2022,5,2022,22,22:58:00,R,EE04820,0,4,,,385,,,,,,,,BLM seabird project,RM04A,way in,,BP6,,0
,,MT09_RM04A,03/05/2022,5,2022,22,22:58:00,R,EE04547,0,4,,,395,,,,,,,,BLM seabird project,RM04A,way in,,BP5,,0
,,MT09_RM04A,03/05/2022,5,2022,23,23:08:00,R,EE04608,0,4,,,360,,,,,,,,BLM seabird project,RM04A,way in,,BP5,,0
,,MT09_RM04A,03/05/2022,5,2022,23,23:30:00,N,EE04587,0,4,,,340,,,,,,,,BLM seabird project,RM04A,way in,,Bp6,,0
,,MT09_RM04A,03/05/2022,5,2022,23,23:39:00,R,EE04607,0,4,,,395,,,,,,,,BLM seabird project,RM04A,way in,,BP6,,0
,,MT09_RM04A,03/05/2022,5,2022,23,23:49:00,N,EE04588,0,4,,,310,,,,,,,,BLM seabird project,RM04A,way in,,BP5,,0
,,MT09_RM04A,04/05/2022,5,2022,20,20:46:00,N,EE04537,0,4,,,340,,,,,,,,BLM seabird project,RM04A,way in,,BP5,,0
,,MT09_RM04A,04/05/2022,5,2022,21,21:18:00,R,EE03332,0,4,,,410,,,,,,,,BLM seabird project,RM04A,way in,GPS10ret,,,0
,,MT09_RM04A,04/05/2022,5,2022,21,21:42:00,R,EE04828,0,4,,,360,,,,,,,,BLM seabird project,RM04A,way in,,BP5,,0
,,MT09_RM04A,04/05/2022,5,2022,21,21:59:00,R,EE06932,0,4,,,370,,,,,,,,BLM seabird project,RM04A,way in,,BP6,,0
,,MT09_RM04A,04/05/2022,5,2022,21,21:59:00,N,EE04538,0,4,,,370,,,,,,,,BLM seabird project,RM04A,way in,,BP4,,0
,,MT09_RM04A,04/05/2022,5,2022,22,22:09:00,R,EE02587,0,4,,,385,,,,,,,,BLM seabird project,RM04A,way in,,BP5,,0
,,MT09_RM04A,04/05/2022,5,2022,22,22:15:00,R,EE04035,0,4,,,335,,,,,,,,BLM seabird project,RM04A,way in,,BP5,,0
,,MT09_RM04A,04/05/2022,5,2022,22,23:02:00,R,EE03318,0,4,,,400,,,,,,,,BLM seabird project,RM04A,way in,,BP5,,0
,,MT09_RM04A,09/05/2022,5,2022,21,21:13:00,R,EE03318,0,4,,,395,,,,,,,,BLM seabird project,RM04A,way in,,,,0
,,MT09_RM04A,09/05/2022,5,2022,21,21:44:00,R,EE06933,0,4,,,420,,,,,,,,BLM seabird project,RM04A,way in,,,,0
,,MT09_RM04A,09/05/2022,5,2022,21,21:56:00,R,EE04090,0,4,,,400,,,,,,,,BLM seabird project,RM04A,way in,,,,0
,,MT09_RM04A,09/05/2022,5,2022,22,22:20:00,R,EE04031,0,4,,,430,,,,,,,,BLM seabird project,RM04A,way in,,,,0
,,MT09_RM04A,09/05/2022,5,2022,23,23:00:00,R,EE02841,0,4,,,410,,,,,,,,BLM seabird project,RM04A,way in,,,,0
,,MT09_RM04A,09/05/2022,5,2022,23,23:04:00,R,EE06535,0,4,,,380,,,,,,,,BLM seabird project,RM04A,way in,,,,0
,,MT09_RM04D,04/05/2022,5,2022,20,20:52:00,N,EE04589,0,4,,,410,,,,,,,,BLM seabird project,Bellavista upper,way in,,BP5,,0
,,MT09_RM04D,04/05/2022,5,2022,21,21:00:00,R,EE02439,0,4,,,385,,,,,,,,BLM seabird project,Bellavista lower,way in,,,,0
,,MT09_RM04D,04/05/2022,5,2022,21,21:00:00,N,EE04590,0,4,,,420,,,,,,,,BLM seabird project,Bellavista lower,way in,overlapped on purpose,,,0
,,MT09_RM04D,04/05/2022,5,2022,21,21:10:00,R,EE04658,0,4,,,420,,,,,,,,BLM seabird project,Bellavista upper,way in,,BP5,,0
,,MT09_RM04D,04/05/2022,5,2022,21,21:10:00,N,EE04681,0,4,,,385,,,,,,,,BLM seabird project,Bellavista lower,way in,,BP4,,0
,,MT09_RM04D,04/05/2022,5,2022,21,21:20:00,N,EE04682,0,4,,,350,,,,,,,,BLM seabird project,Bellavista upper ,way in,,BP5,,0
,,MT09_RM04D,04/05/2022,5,2022,21,21:30:00,N,EE04683,0,4,,,380,,,,,,,,BLM seabird project,Bellavista upper,way in,,,,0
,,MT09_RM04D,04/05/2022,5,2022,21,21:40:00,N,EE04684,0,4,,,340,,,,,,,,BLM seabird project,Bellavista lower,way in,,,,0
,,MT09_RM04D,04/05/2022,5,2022,21,21:47:00,N,EE04685,0,4,,,425,,,,,,,,BLM seabird project,Bellavista upper,way in,,,,0
,,MT09_RM04D,04/05/2022,5,2022,21,21:43:00,R,EE04660,0,4,,,370,,,,,,,,BLM seabird project,Bellavista upper,way in,,,,0
,,MT09_RM04D,04/05/2022,5,2022,21,21:57:00,N,EE04687,0,4,,,370,,,,,,,,BLM seabird project,Bellavista upper,way in,EE04686 damaged not used,,,0
,,MT09_RM04D,04/05/2022,5,2022,22,22:00:00,N,EE04688,0,4,,,425,,,,,,,,BLM seabird project,Bellavista upper,way in,,,,0
,,MT09_RM04D,04/05/2022,5,2022,22,22:15:00,N,EE04689,0,4,,,450,,,,,,,,BLM seabird project,Bellavista lower ,way in,overlapped on purpose,,,0
,,MT09_RM04D,04/05/2022,5,2022,22,22:30:00,N,EE04690,0,4,,,365,,,,,,,,BLM seabird project,Bellavista ,prospector,,,prospector,1
,,MT24_Majjistral_Thomas,03/05/2022,5,2022,20,20:50:00,R,EE02215,0,4,,,400,,,,,,,,BLM seabird project,Thomas Cave,way in,,BP4,,0
,,MT24_Majjistral_Thomas,03/05/2022,5,2022,21,21:05:00,R,EE04209,0,4,,,395,,,,,,,,BLM seabird project,Thomas Cave,way in,,BP4,,0
,,MT24_Majjistral_Thomas,03/05/2022,5,2022,21,21:20:00,N,EE04548,0,4,,231,405,,,44.9,,,,,BLM seabird project,Thomas Cave,way in ,,BP4,regurgitate collected; weight after,0
,,MT24_Majjistral_Eggshell,03/05/2022,5,2022,22,22:40:00,N,EE04549,0,4,,231,375,,,44.8,,,,,BLM seabird project,Eggshell Cave,way in,,BP4,,0
,,MT24_Majjistral_Thomas,03/05/2022,5,2022,22,22:10:00,R,EE03119,0,4,,,500,,,,,,,,BLM seabird project,Thomas Cave,way in,,BP5,,0
,,MT24_Majjistral_Thomas,03/05/2022,5,2022,22,22:15:00,R,EE04091,0,4,,,370,,,,,,,,BLM seabird project,Thomas Cave,way in,,BP5,,0
,,MT24_Majjistral_Thomas,03/05/2022,5,2022,22,22:25:00,R,EE03060,0,4,,,330,,,,,,,,BLM seabird project,Thomas Cave,way in,,BP5,,0
,,MT24_Majjistral_Eggshell,03/05/2022,5,2022,22,22:55:00,N,EE04550,0,4,,229,365,,,45.2,,,,,BLM seabird project,Eggshell Cave,way in,,BP5,,0
,,MT24_Majjistral_Eggshell,03/05/2022,5,2022,23,23:15:00,N,EE04845,0,4,,235,355,,,43.8,,,,,BLM seabird project,Eggshell Cave,way in,,BP5,,0
,,MT09_RM05BT_Lower,09/05/2022,5,2022,20,20:45:00,R,EE06981,0,4,,,420,,,,,,,,BLM seabird project,Butter cave,way in,ring EE06981 replaced with EE04521,,,0
,,MT09_RM05BT_Lower,09/05/2022,5,2022,20,20:45:00,R,EE04521,1,4,,,420,,,,,,,,BLM seabird project,Butter cave,way in,ring EE06981 replaced with EE04521,,,0
,,MT09_RM05BT_Lower,09/05/2022,5,2022,21,21:00:00,R,EE03622,0,4,,,425,,,,,,,,BLM seabird project,Butter cave,way in,,BP5,,0
,,MT09_RM05BT_Lower,09/05/2022,5,2022,21,21:10:00,N,EE04501,0,4,,,360,,,,,,,,BLM seabird project,Butter cave,way in,,,,0
,,MT09_RM05BT_Lower,09/05/2022,5,2022,21,21:20:00,R,EE04312,0,4,,,390,,,,,,,,BLM seabird project,Butter cave,way in,,,,0
,,MT09_RM05BT_Lower,09/05/2022,5,2022,21,21:35:00,R,EE03664,0,4,,,370,,,,,,,,BLM seabird project,Butter cave,way in,,,,0
,,MT09_RM05BT_Lower,09/05/2022,5,2022,21,21:35:00,R,EE06699,0,4,,,,,,,,,,,BLM seabird project,Butter cave,way in,,,,0
,,MT09_RM05BT_Lower,09/05/2022,5,2022,21,21:49:00,R,EE04543,0,4,,,385,,,,,,,,BLM seabird project,Butter cave,way in,,,,0
,,MT09_RM05BT_Lower,09/05/2022,5,2022,22,22:10:00,N,EE04502,0,4,,,350,,,,,,,,BLM seabird project,Butter cave,way in,,,,0
,,MT09_RM05BT_Lower,09/05/2022,5,2022,22,22:20:00,R,EE04330,0,4,,,430,,,,,,,,BLM seabird project,Butter cave,way in,,,,0
,,MT09_RM05BT_Lower,09/05/2022,5,2022,22,22:30:00,N,EE04503,0,4,,,340,,,,,,,,BLM seabird project,Butter cave,way in,overlapped on purpose,,prospector,1
,,MT09_RM05BT_Lower,09/05/2022,5,2022,22,22:30:00,R,EE04534,0,4,,,300,,,,,,,,BLM seabird project,Butter cave,way in,RINGED MAJJISTRAL. ALL CORRECT IN NOTEBOOKS,,,0
,,MT09_RM05BT_Lower,09/05/2022,5,2022,22,22:35:00,R,EE03572,0,4,,,350,,,,,,,,BLM seabird project,Butter cave,way in,,,,0
,,MT09_RM05BT_Upper,09/05/2022,5,2022,21,21:15:00,R,EE01902,0,4,,,490,,,,,,,,BLM seabird project,Butter caver upper,way in,,,,0
,,MT09_RM05BT_Upper,09/05/2022,5,2022,21,21:50:00,R,EE06849,0,4,,,370,,,,,,,,BLM seabird project,Butter cave,way in,,,,0
,,MT09_RM05BT_Upper,09/05/2022,5,2022,22,22:15:00,R ,EE03665,0,4,,,390,,,,,,,,BLM seabird project,Butter cave ,way in,,,,0
,,MT09_RM05GC_South,10/05/2022,5,2022,20,20:54:00,R,EE01919,0,4,,,430,,,,,,,,BLM seabird project,Gregale South ledge,way in,,BP6,,0
,,MT09_RM05GC_South,10/05/2022,5,2022,21,21:05:00,R,EE03189,0,4,,,470,,,,,,,,BLM seabird project,Gregale South ledge,way in,,BP5,,0
,,MT09_RM05GC_South,10/05/2022,5,2022,21,21:08:00,N,EE04981,0,4,,,420,,,,,,,,BLM seabird project,Gregale South ledge,way in,,BP4,,0
,,MT09_RM05GC_South,10/05/2022,5,2022,21,21:10:00,N,EE04982,0,4,,,330,,,,,,,,BLM seabird project,Gregale South ledge,way in,,BP4,,0
,,MT09_RM05GC_South,10/05/2022,5,2022,21,21:25:00,R,EE02342,0,4,,,385,,,,,,,,BLM seabird project,Gregale South ledge,way in,,BP5,,0
,,MT09_RM05GC_South,10/05/2022,5,2022,21,21:29:00,R,EE02332,0,4,,,410,,,,,,,,BLM seabird project,Gregale South ledge,way in,,BP5,,0
,,MT09_RM05GC_South,10/05/2022,5,2022,21,21:56:00,R,EE03937,0,4,,,360,,,,,,,,BLM seabird project,Gregale South ledge,way in,,BP5,,0
,,MT09_RM05GC_South,10/05/2022,5,2022,22,22:00:00,N,EE04983,0,4,,,435,,,,,,,,BLM seabird project,Gregale South ledge,way in,,BP6,,0
,,MT09_RM05GC_South,10/05/2022,5,2022,22,22:14:00,N,EE04984,0,4,,,315,,,,,,,,BLM seabird project,Gregale South ledge,way in,,BP5,,0
,,MT09_RM05GC_South,10/05/2022,5,2022,22,22:16:00,R,EE03581,0,4,,,410,,,,,,,,BLM seabird project,Gregale South ledge,way in,,BP6,,0
,,MT09_RM05GC_South,10/05/2022,5,2022,22,22:25:00,N,EE04985,0,4,,,340,,,,,,,,BLM seabird project,Gregale South ledge,way in,,BP5,,0
,,MT09_RM05GC_South,10/05/2022,5,2022,22,22:48:00,R,EE06740,0,4,,,360,,,,,,,,BLM seabird project,Gregale South ledge,way in,,BP5,,0
,,MT24_Majjistral_South_4,03/05/2022,5,2022,20,20:50:00,R,EE02054,0,4,,,330,,,,,,,,BLM seabird project,SOW 4,way in,,BP5,,0
,,MT24_Majjistral_South_4,03/05/2022,5,2022,20,20:54:00,R,EE06709,0,4,,,435,,,,,,,,BLM seabird project,SOW 4,way in,,BP5,,0
,,MT24_Majjistral_South_4,03/05/2022,5,2022,21,21:00:00,N,EE04534,0,4,,,360,,,,,,,,BLM seabird project,SOW 4,way in,RECAPTURED BUTTER CAVE. ALL CORRECT IN NOTEBOOKS,BP5,,0
,,MT24_Majjistral_South_4,03/05/2022,5,2022,21,21:11:00,R,EE04743,0,4,,,410,,,,,,,,BLM seabird project,SOW 4,way in,,BP5,,0
,,MT24_Majjistral_South_4,03/05/2022,5,2022,21,21:12:00,R,EE04298,0,4,,,390,,,,,,,,BLM seabird project,SOW 4,way in,,BP5,,0
,,MT24_Majjistral_South_4,03/05/2022,5,2022,21,21:21:00,R,EE04262,0,4,,,385,,,,,,,,BLM seabird project,SOW 4,way in,,BP5,,0
,,MT24_Majjistral_South_4,03/05/2022,5,2022,21,21:23:00,R,EE06503,0,4,,,360,,,,,,,,BLM seabird project,SOW 4,way in,,BP5,,0
,,MT24_Majjistral_South_4,03/05/2022,5,2022,21,21:35:00,R,EE03404,0,4,,,410,,,,,,,,BLM seabird project,SOW 4,way in,,BP5,wet legs,0
,,MT24_Majjistral_South_4,03/05/2022,5,2022,21,21:29:00,R,EE02594,0,4,,,385,,,,,,,,BLM seabird project,SOW 4,way in,,BP5,,0
,,MT24_Majjistral_South_4,03/05/2022,5,2022,21,21:37:00,R,EE06609,0,4,,,420,,,,,,,,BLM seabird project,SOW 4,way in,,BP5,wet legs,0
,,MT24_Majjistral_South_4,03/05/2022,5,2022,21,21:44:00,R,EE03947,0,4,,,420,,,,,,,,BLM seabird project,SOW 4,way in,,,wet legs,0
,,MT24_Majjistral_South_4,03/05/2022,5,2022,21,21:45:00,N,EE04535,0,4,,,370,,,,,,,,BLM seabird project,SOW 4,way in,,BP4,,0
,,MT24_Majjistral_South_4,03/05/2022,5,2022,21,21:45:00,R,EE02600,0,4,,,410,,,,,,,,BLM seabird project,SOW 4,way in,,BP5,,0
,,MT24_Majjistral_South_4,03/05/2022,5,2022,21,21:55:00,R,EE04765,0,4,,,370,,,,,,,,BLM seabird project,SOW 4,way in,,BP4,,0
,,MT24_Majjistral_South_4,03/05/2022,5,2022,22,22:00:00,R,EE03151,0,4,,,385,,,,,,,,BLM seabird project,SOW 4,way in,,BP5,,0
,,MT24_Majjistral_South_4,03/05/2022,5,2022,22,22:05:00,R,EE06649,0,4,,,335,,,,,,,,BLM seabird project,SOW 4,way in ,,BP5,wet legs,0
,,MT24_Majjistral_South_4,03/05/2022,5,2022,22,22:11:00,R,EE02591,0,4,,,420,,,,,,,,BLM seabird project,SOW 4,way in ,,BP5,"regurgitated, collected",0
,,MT24_Majjistral_South_4,03/05/2022,5,2022,22,22:11:00,N,EE04536,0,4,,,335,,,,,,,,BLM seabird project,SOW 4,way in,,BP5,,0
,,MT24_Majjistral_South_4,03/05/2022,5,2022,22,22:15:00,R,EE06551,0,4,,244,435,38.8,8.6,48.8,7.5,46,50.5,29.4,BLM seabird project,SOW 4,way in,"GLS BV895 retrieved | Blood & P9,5,1",BP4,BHN 9.7 BillSkull 86.5,0
,,MT24_Majjistral_South_4,03/05/2022,5,2022,22,22:27:00,R,EE06953,0,4,,,410,,,,,,,,BLM seabird project,SOW 4,wayin,,Bp5,,0
,,MT24_Majjistral_South_4,03/05/2022,5,2022,22,22:47:00,R,EE04346,0,4,,,360,,,,,,,,BLM seabird project,SOW 4,way in,,Bp5,,0
,,MT24_Majjistral_South_4,03/05/2022,5,2022,22,22:49:00,R,EE04275,0,4,,,400,,,,,,,,BLM seabird project,SOW 4,way in,,BP5,,0
,,MT24_Majjistral_South_4,03/05/2022,5,2022,22,22:55:00,R,EE03926,0,4,,,360,,,,,,,,BLM seabird project,SOW 4,way in ,,BP4,wet legs,0
,,MT24_Majjistral_South_4,03/05/2022,5,2022,23,23:06:00,R,EE06616,0,4,,,380,,,,,,,,BLM seabird project,SOW 4,way in,,BP5,,0
,,MT24_Majjistral_South_4,03/05/2022,5,2022,23,23:08:00,R,EE03410,0,4,,,410,,,,,,,,BLM seabird project,SOW 4,way in ,,BP5 ,"regurgitated, collected",0
,,MT24_Majjistral_South_4,03/05/2022,5,2022,23,23:16:00,R,EE04059,0,4,,,435,,,,,,,,BLM seabird project,SOW 4,way in,,BP4,,0
,,MT24_Majjistral_South_4,03/05/2022,5,2022,23,23:25:00,R,EE02225,0,4,,,410,,,,,,,,BLM seabird project,SOW 4,way in,,,,0
,,MT24_Majjistral_South_4,03/05/2022,5,2022,23,23:25:00,R,EE04754,0,4,,,420,,,,,,,,BLM seabird project,SOW 4,way in,,,,0
,,MT24_Majjistral_Eggshell,03/05/2022,5,2022,23,23:51:00,R,EE04208,0,4,,,370,,,,,,,,BLM seabird project,Eggshell Cave,way in,,,,0
,,MT09_RM04C,06/05/2022,5,2022,21,21:48:00,R,EE03069,0,4,,,335,,,,,,,,BLM seabird project,RM04C,way in,,BP5,,0
,,MT09_RM04C,06/05/2022,5,2022,22,22:08:00,R,EE02581,0,4,,,450,,,,,,,,BLM seabird project,RM04C,way in,,BP5,,0
,,MT09_RM05GC_Central,10/05/2022,5,2022,21,21:08:00,R,EE04074,0,4,,,360,,,,,,,,BLM seabird project,Gregale Central ledge,way in,,,,0
,,MT09_RM05GC_Central,10/05/2022,5,2022,21,21:18:00,N,EE04522,0,4,,,400,,,,,,,,BLM seabird project,Gregale Central ledge,way in,,,,0
,,MT09_RM05GC_Central,10/05/2022,5,2022,21,21:48:00,R,EE01942,0,4,,,440,,,,,,,,BLM seabird project,Gregale Central ledge,way in,,,EE01942 replaced with EE04524,0
,,MT09_RM05GC_Central,10/05/2022,5,2022,21,21:48:00,R,EE04524,1,4,,,440,,,,,,,,BLM seabird project,Gregale Central ledge,way in,,,EE01942 replaced with EE04524,0
,,MT09_RM05GC_Central,10/05/2022,5,2022,22,22:15:00,N,EE04525,0,4,,,340,,,,,,,,BLM seabird project,Gregale Central ledge,prospector,,,prospector,1
,,MT09_RM05GC_Central,10/05/2022,5,2022,22,22:20:00,R,EE06669,0,4,,,350,,,,,,,,BLM seabird project,Gregale Central ledge,way in,,,,0
,,MT09_RM05GC_Central,10/05/2022,5,2022,22,22:24:00,N,EE04526,0,4,,,310,,,,,,,,BLM seabird project,Gregale Central ledge,prospector,,,prospector,1
,,MT09_RM05GC_Central,10/05/2022,5,2022,22,22:25:00,N,EE04527,0,4,,,360,,,,,,,,BLM seabird project,Gregale Central ledge,way in,,,,0
,,MT09_RM05GC_Central,10/05/2022,5,2022,22,22:49:00,N,EE04528,0,4,,,370,,,,,,,,BLM seabird project,Gregale Central ledge,way in,,,prospector,1
,,MT09_RM05GC_Central,10/05/2022,5,2022,22,23:08:00,R,EE04583,0,4,,,320,,,,,,,,BLM seabird project,Gregale Central ledge,prospector,,,prospector,1
,,MT09_RM04A,10/05/2022,5,2022,21,21:24:00,R,EE04212,0,4,,,395,,,,,,,,BLM seabird project,RM04A,way in,,,,0
,,MT09_RM04A,10/05/2022,5,2022,21,21:45:00,R,EE06559,0,4,,,390,,,,,,,,BLM seabird project,RM04A,wayin,,,,0
,,MT09_RM04A,10/05/2022,5,2022,21,21:50:00,R,EE04090,0,4,,,440,,,,,,,,BLM seabird project,RM04A,way in,,,,0
,,MT09_RM04A,10/05/2022,5,2022,22,22:10:00,R,EE04031,0,4,,,460,,,,,,,,BLM seabird project,Rm04A,way in,,,,0
,,MT09_RM04A,10/05/2022,5,2022,22,22:37:00,R,EE03243,0,4,,,380,,,,,,,,BLM seabird project,RM04A,way in,GPS Axy14 retrieved,,,0
,,MT09_RM04A,10/05/2022,5,2022,22,22:58:00,R,EE03241,0,4,,,375,,,,,,,,BLM seabird project,RM04A,way in,,BP5,,0
,,MT09_RM04A,11/05/2022,5,2022,21,21:06:00,R,EE02734,0,4,,,465,,,,,,,,BLM seabird project,RM04A,wayin,,BP5,,0
,,MT09_RM04A,11/05/2022,5,2022,21,21:22:00,R,EE06842,0,4,,,340,,,,,,,,BLM seabird project,RM04A,way in,,BP5,,0
,,MT09_RM04A,11/05/2022,5,2022,21,21:38:00,N,EE04529,0,4,,,385,,,,,,,,BLM seabird project,RM04A,wayin,,BP4,,0
,,MT09_RM04A,11/05/2022,5,2022,22,22:15:00,R,EE02737,0,4,,,410,,,,,,,,BLM seabird project,RM04A,way in,,BP5,,0
,,MT09_RM01,13/05/2022,5,2022,19,19:15:00,R,EE02421,0,4,,,,,,,,,,,BLM seabird project,RM01 Big Crack,NB19,with TO,,,0
,,MT09_RM01,13/05/2022,5,2022,19,19:30:00,N,EE04504,0,1,,116,320,,,,,,,,BLM seabird project,RM01 Big Crack,NB20,FS,,,0
,,MT09_RM04A,13/05/2022,5,2022,21,21:00:00,R,EE01945,0,4,,,435,,,,,,,,BLM seabird project,RM04A,way in,EE01945 replaced with EE04530,BP6,,0
,,MT09_RM04A,13/05/2022,5,2022,21,21:00:00,R,EE04530,1,4,,,435,,,,,,,,BLM seabird project,RM04A,way in,EE01945 replaced with EE04530,BP6,,0
,,MT09_RM04A,13/05/2022,5,2022,21,21:12:00,R,EE03318,0,4,,,410,,,,,,,,BLM seabird project,RM04A ,way in ,wet legs,BP5,,0
,,MT09_RM04A,13/05/2022,5,2022,21,21:15:00,R,EE06706,0,4,,,340,,,,,,,,BLM seabird project,RM04A,way in,,,,0
,,MT09_RM04A,13/05/2022,5,2022,21,21:19:00,R,EE06559,0,4,,,420,,,,,,,,BLM seabird project,RM04A ,way in ,,,,0
,,MT09_RM04A,13/05/2022,5,2022,22,22:07:00,R,EE04090,0,4,,,370,,,,,,,,BLM seabird project,RM04A,way in,wet legs,,,0
,,MT09_RM04A,13/05/2022,5,2022,21,22:23:00,R,EE04031,0,4,,,390,,,,,,,,BLM seabird project,RM04A,way in,,,,0
,,MT27_Hasan,15/05/2022,5,2022,13,13:00:00,N,EE04505,0,1,,,390,,,,,,,,BLM seabird project,Ghar Hasan,NS3,IP,,,0
,,MT22_StPauls_Nestboxledge,18/05/2022,5,2022,21,21:00:00,R,EE04096,0,4,,,,,,,,,,,BLM seabird project,St Paul's Nest box ledge,way in,NB3,,,0
,,MT22_StPauls_WestCave,18/05/2022,5,2022,21,21:20:00,N,EE04921,0,4,,,,,,,,,,,BLM seabird project,West Cave,way in,,,,0
,,MT22_StPauls_WestCave,18/05/2022,5,2022,21,21:55:00,N,EE04922,0,4,,,,,,,,,,,BLM seabird project,West Cave,way in,,,,0
,,MT22_StPauls_WestCave,18/05/2022,5,2022,21,21:59:00,N,EE04923,0,4,,,,,,,,,,,BLM seabird project,West Cave,way in,,,,0
,,MT22_StPauls_WestCave,18/05/2022,5,2022,22,22:00:00,N,EE04924,0,4,,,,,,,,,,,BLM seabird project,West Cave,prospector,,,prospector,1
,,MT22_StPauls_WestCave,18/05/2022,5,2022,22,22:03:00,N,EE04925,0,4,,,390,,,,,,,,BLM seabird project,West Cave,way in ,,,,0
,,MT22_StPauls_WestCave,18/05/2022,5,2022,21,21:36:00,R,EE04045,0,4,,,,,,,,,,,BLM seabird project,West Cave,way in ,,,,0
,,MT22_StPauls_WestCave,18/05/2022,5,2022,21,21:36:00,R,EE02389,0,4,,,,,,,,,,,BLM seabird project,West Cave,way in ,,,,0
,,MT22_StPauls_WestCave,18/05/2022,5,2022,21,21:50:00,R,EE06636,0,4,,,,,,,,,,,BLM seabird project,West Cave,way in ,,,,0
,,MT22_StPauls_WestCave,18/05/2022,5,2022,22,22:30:00,R,EE03422,0,4,,,,,,,,,,,BLM seabird project,West Cave,way in ,,,,0
,,MT22_StPauls_WestCave,18/05/2022,5,2022,22,22:40:00,R,EE04043,0,4,,,,,,,,,,,BLM seabird project,West Cave,way in ,,,,0
,,MT22_StPauls_WestCave,18/05/2022,5,2022,22,22:49:00,R,EE03526,0,4,,,,,,,,,,,BLM seabird project,West Cave,way in ,,,,0
,,MT22_StPauls_WestCave,18/05/2022,5,2022,22,22:50:00,R,EE06631,0,4,F,,,,,,,,,,BLM seabird project,West Cave,way in ,NS1.5 partner,,,0
,,MT24_Majjistral_Eggshell,03/05/2022,5,2022,20,20:57:00,R,EE03772,0,4,,,,,,,,,,,BLM seabird project,Eggshell Cave,way in,pit tag removed,,,0
,,MT24_Majjistral_Eggshell,03/05/2022,5,2022,21,21:08:00,R,EE03733,0,4,,,,,,,,,,,BLM seabird project,Eggshell Cave,way in,pit tag removed,,,0
,,MT24_Majjistral_Eggshell,03/05/2022,5,2022,21,21:07:00,R,EE04787,0,4,,,,,,,,,,,BLM seabird project,Eggshell Cave,way in,pit tag removed,,,0
,,MT24_Majjistral_Eggshell,03/05/2022,5,2022,21,21:22:00,R,EE04252,0,4,,,,,,,,,,,BLM seabird project,Eggshell Cave,way in,pit tag removed,,,0
,,MT24_Majjistral_Eggshell,03/05/2022,5,2022,21,21:55:00,R,EE06673,0,4,,,,,,,,,,,BLM seabird project,Eggshell Cave,way in,,,,0
,,MT24_Majjistral_Eggshell,03/05/2022,5,2022,21,21:57:00,R,EE03732,0,4,,,,,,,,,,,BLM seabird project,Eggshell Cave,way in,,,,0
,,MT24_Majjistral_Eggshell,03/05/2022,5,2022,22,22:10:00,R,EE02053,0,4,,,,,,,,,,,BLM seabird project,Eggshell Cave,way in,pit tag removed,,,0
,,MT24_Majjistral_Eggshell,03/05/2022,5,2022,22,22:09:00,R,EE04088,0,4,,,,,,,,,,,BLM seabird project,Eggshell Cave,way in,,,,0
,,MT24_Majjistral_Eggshell,03/05/2022,5,2022,22,22:15:00,R,EE03271,0,4,,,,,,,,,,,BLM seabird project,Eggshell Cave,way in,pit tag removed,,,0
,,MT24_Majjistral_Eggshell,03/05/2022,5,2022,22,22:29:00,R,EE02622,0,4,,,,,,,,,,,BLM seabird project,Eggshell Cave,way in,pit tag removed,,,0
,,MT24_Majjistral_Eggshell,03/05/2022,5,2022,22,22:32:00,R,EE02212,0,4,,,,,,,,,,,BLM seabird project,Eggshell Cave,way in,,,,0
,,MT24_Majjistral_Eggshell,03/05/2022,5,2022,22,22:32:00,R,EE04288,0,4,,,,,,,,,,,BLM seabird project,Eggshell Cave,way in,pit tag removed,,,0
,,MT24_Majjistral_Eggshell,03/05/2022,5,2022,22,22:43:00,R,EE03963,0,4,,,,,,,,,,,BLM seabird project,Eggshell Cave,way in,,,,0
,,MT24_Majjistral_Eggshell,03/05/2022,5,2022,23,23:02:00,R,EE03282,0,4,,,,,,,,,,,BLM seabird project,Eggshell Cave,way in,,,,0
,,MT24_Majjistral_Eggshell,03/05/2022,5,2022,23,23:06:00,R,EE03260,0,4,,,,,,,,,,,BLM seabird project,Eggshell Cave,way in,pit tag removed,,,0
,,MT24_Majjistral_Eggshell,03/05/2022,5,2022,23,23:12:00,R,EE04236,0,4,,,,,,,,,,,BLM seabird project,Eggshell Cave,way in,,,,0
,,MT24_Majjistral_Eggshell,03/05/2022,5,2022,23,23:12:00,R,EE04289,0,4,,,,,,,,,,,BLM seabird project,Eggshell Cave,way in,,,,0
,,MT24_Majjistral_Eggshell,03/05/2022,5,2022,23,23:15:00,R,EE03325,0,4,,,,,,,,,,,BLM seabird project,Eggshell Cave,way in,pit tag removed,,,0
,,MT09_RM01,06/05/2022,5,2022,18,18:30:00,R,EE04039,0,4,,,295,,,,,,,,BLM seabird project,RM01 Big Crack,NB23,with TO,BP4,,0
,,MT09_RM04A,06/05/2022,5,2022,21,21:06:00,N,EE04539,0,4,,,360,,,,,,,,BLM seabird project,RM04A,prospector,,BP5,prospector,1
,,MT09_RM04A,06/05/2022,5,2022,21,21:16:00,R,EE02506,0,4,,,350,,,,,,,,BLM seabird project,RM04A ,way in,,BP5,,0
,,MT09_RM04A,06/05/2022,5,2022,21,21:21:00,R,EE06931,0,4,,,420,,,,,,,,BLM seabird project,RM04A,way in,,,,0
,,MT09_RM04A,06/05/2022,5,2022,21,21:23:00,N,EE04540,0,4,,,420,,,,,,,,BLM seabird project,RM04A,way in,overlapped on purpose,BP4,,0
,,MT09_RM04A,06/05/2022,5,2022,21,21:37:00,R,EE04031,0,4,,,435,,,,,,,,BLM seabird project,RM04A ,way in,,,,0
,,MT09_RM04A,06/05/2022,5,2022,22,22:08:00,R,EE02734,0,4,,,430,,,,,,,,BLM seabird project,RM04A,way in,,,,0
,,MT09_RM04A,06/05/2022,5,2022,22,22:29:00,R,EE02737,0,4,,,410,,,,,,,,BLM seabird project,RM04A,way in,,,,0
,,MT09_RM04A,06/05/2022,5,2022,22,22:30:00,R,EE04538,0,4,,,350,,,,,,,,BLM seabird project,RM04A ,way in,,,,0
,,MT09_RM04A,06/05/2022,5,2022,22,22:35:00,R,EE04537,0,4,,,370,,,,,,,,BLM seabird project,RM04A,way in,,,,0
,,MT22_StPauls_MainCave,18/05/2022,5,2022,21,21:35:00,R,EE04133,0,4,,,360,,,,,,,,BLM seabird project,Main Cave,way in,,,,0
,,MT22_StPauls_MainCave,18/05/2022,5,2022,21,21:31:00,N,EE04511,0,4,,,440,,,,,,,,BLM seabird project,Main Cave,way in,,,,0
,,MT22_StPauls_MainCave,18/05/2022,5,2022,21,21:42:00,R,EE02385,0,4,,,400,,,,,,,,BLM seabird project,Main Cave,way in ,,,,0
,,MT22_StPauls_MainCave,18/05/2022,5,2022,21,21:55:00,N,EE04512,0,4,,,435,,,,,,,,BLM seabird project,Main Cave,way in,,,,0
,,MT22_StPauls_MainCave,18/05/2022,5,2022,22,22:09:00,R,EE04631,0,4,,,390,,,,,,,,BLM seabird project,Main Cave,way in,,,,0
,,MT22_StPauls_MainCave,18/05/2022,5,2022,22,22:21:00,R,EE06642,0,4,,,395,,,,,,,,BLM seabird project,Main Cave,way in ,,,,0
,,MT22_StPauls_MainCave,18/05/2022,5,2022,22,22:30:00,N,EE04513,0,4,,,390,,,,,,,,BLM seabird project,Main Cave,way out,,,,0
,,MT22_StPauls_MainCave,18/05/2022,5,2022,22,22:52:00,R,EE04306,0,4,,,440,,,,,,,,BLM seabird project,Main Cave,way in,,,,0
,,MT22_StPauls_MainCave,18/05/2022,5,2022,23,23:02:00,R,EE03197,0,4,,,335,,,,,,,,BLM seabird project,Main Cave,way in,,,,0
,,MT22_StPauls_MainCave,18/05/2022,5,2022,23,23:07:00,R,EE03883,0,4,,,450,,,,,,,,BLM seabird project,Main Cave,way in,,,,0
,,MT22_StPauls_MainCave,18/05/2022,5,2022,23,23:08:00,R,EE03894,0,4,,,435,,,,,,,,BLM seabird project,Main Cave,way in,,,,0
,,MT22_StPauls_MainCave,18/05/2022,5,2022,23,23:12:00,N,EE04514,0,4,,,440,,,,,,,,BLM seabird project,Main Cave,way in,,,,0
,,MT09_RM04A,18/05/2022,5,2022,21,21:27:00,R,EE04540,0,4,,,410,,,,,,,,BLM seabird project,RM04A,way in,,BP5,,0
,,MT09_RM04A,18/05/2022,5,2022,21,21:40:00,R,EE03687,0,4,,,385,,,,,,,,BLM seabird project,RM04A,way in,,BP6,,0
,,MT09_RM04A,18/05/2022,5,2022,21,21:43:00,R,EE03753,0,4,,,385,,,,,,,,BLM seabird project,RM04A,way in,Axy11 retrieved,,,0
,,MT09_RM04A,18/05/2022,5,2022,22,22:04:00,R,EE02737,0,4,,,445,,,,,,,,BLM seabird project,RM04A,way in,,BP5,,0
,,MT09_RM04A,18/05/2022,5,2022,22,22:08:00,R,EE03332,0,4,,,425,,,,,,,,BLM seabird project,RM04A,way in,,BP5,,0
,,MT09_RM04A,18/05/2022,5,2022,22,22:25:00,R,EE04530,0,4,,,435,,,,,,,,BLM seabird project,RM04A,way in,,BP6,,0
,,MT09_RM04A,18/05/2022,5,2022,22,22:35:00,R,EE03306,0,4,,,440,,,,,,,,BLM seabird project,RM04A,way in,Axy05 retrieved,BP5,,0
,,MT09_RM04A,18/05/2022,5,2022,22,22:50:00,R,EE03330,0,4,,,410,,,,,,,,BLM seabird project,RM04A,way in,,Bp6,,0
,,MT09_RM04A,18/05/2022,5,2022,22,22:55:00,R,EE06931,0,4,,,390,,,,,,,,BLM seabird project,RM04A,way in,,Bp5,,0
,,MT09_RM04A,18/05/2022,5,2022,23,23:24:00,R,EE06559,0,4,,,460,,,,,,,,BLM seabird project,RM04A,way in,,Bp5,,0
,,MT09_RM04A,18/05/2022,5,2022,23,23:33:00,R,EE06701,0,4,,,335,,,,,,,,BLM seabird project,RM04A,way in,,Bp6,,0
,,MT09_RM04A,21/05/2022,5,2022,21,21:05:00,R,EE02734,0,4,,,380,,,,,,,,BLM seabird project,RM04A,way in,,BP6,,0
,,MT09_RM04A,21/05/2022,5,2022,21,21:14:00,R,EE03318,0,4,,,370,,,,,,,,BLM seabird project,RM04A,way in,,BP5,,0
,,MT09_RM04A,21/05/2022,5,2022,21,21:17:00,R,EE04818,0,4,,,360,,,,,,,,BLM seabird project,RM04A,way in,,BP5,,0
,,MT09_RM04A,21/05/2022,5,2022,21,21:41:00,R,EE04529,0,4,,,410,,,,,,,,BLM seabird project,RM04A,way in,,BP5,,0
,,MT09_RM04A,21/05/2022,5,2022,21,21:48:00,R,EE03306,0,4,,,420,,,,,,,,BLM seabird project,RM04A,way in,,BP5,,0
,,MT09_RM04A,21/05/2022,5,2022,21,21:53:00,R,EE06934,0,4,,,370,,,,,,,,BLM seabird project,RM04A,way in,,BP6,,0
,,MT09_RM04A,21/05/2022,5,2022,22,22:00:00,R,EE04031,0,4,,,390,,,,,,,,BLM seabird project,RM04A,way in,,BP6,,0
,,MT09_RM04A,21/05/2022,5,2022,22,22:21:00,R,EE06933,0,4,,,480,,,,,,,,BLM seabird project,RM04A,way in,,BP5,,0
,,MT09_RM04A,21/05/2022,5,2022,22,22:44:00,R,EE03241,0,4,,,410,,,,,,,,BLM seabird project,RM04A,way in,,BP6,,0
,,MT09_RM01,26/05/2022,5,2022,19,19:00:00,R,EE04504,0,1,,,390,,,,,,,,BLM seabird project,RM01,NB20,,,overlapped on purpose,0
,,MT17_Cominotto_2,01/06/2022,6,2022,21,21:15:00,R,EE03682,0,4,,,,,,,,,,,BLM seabird project,Cave 2 ,way in,,,,0
,,MT17_Cominotto_1,01/06/2022,6,2022,21,21:25:00,N,EE04851,0,4,,,410,,,,,,,,BLM seabird project,Cave 1 ,way in,,,,0
,,MT17_Cominotto_2,01/06/2022,6,2022,21,21:44:00,N,EE04852,0,4,,,,,,,,,,,BLM seabird project,Cave 2 ,way in,,,,0
,,MT17_Cominotto_1,01/06/2022,6,2022,21,21:47:00,R,EE03246,0,4,,,420,,,,,,,,BLM seabird project,Cave 1 ,way in,,,,0
,,MT17_Cominotto_2,01/06/2022,6,2022,21,21:47:00,R,EE06792,0,4,,,,,,,,,,,BLM seabird project,Cave 2,way in,,,,0
,,MT17_Cominotto_2,01/06/2022,6,2022,22,22:03:00,R,EE04719,0,4,,,,,,,,,,,BLM seabird project,Cave 2,way in,,,,0
,,MT17_Cominotto_2,01/06/2022,6,2022,22,22:20:00,R,EE04268,0,4,,,,,,,,,,,BLM seabird project,Cave 2,way in,,,,0
,,MT17_Cominotto_2,01/06/2022,6,2022,22,22:35:00,R,EE04733,0,4,,,380,,,,,,,,BLM seabird project,Cave 2,way in,,,,0
,,MT17_Cominotto_1,01/06/2022,6,2022,22,22:35:00,R,EE06789,0,4,,,480,,,,,,,,BLM seabird project,Cave 1 ,way in,,,,0
,,MT17_Cominotto_1,01/06/2022,6,2022,22,22:45:00,R,EE04037,0,4,,,435,,,,,,,,BLM seabird project,Cave 1 ,way in,,,,0
,,MT17_Cominotto_9,01/06/2022,6,2022,21,21:31:00,R,EE03825,0,4,,,415,,,,,,,,BLM seabird project,Cave 9,way in,,,,0
,,MT17_Cominotto_9,01/06/2022,6,2022,21,21:33:00,R,EE06911,0,4,,,370,,,,,,,,BLM seabird project,Cave 9,way in,,,,0
,,MT17_Cominotto_9,01/06/2022,6,2022,21,21:42:00,R,EE06910,0,4,,,420,,,,,,,,BLM seabird project,Cave 9,way in,,,,0
,,MT17_Cominotto_9,01/06/2022,6,2022,21,21:52:00,R,EE04244,0,4,,,440,,,,,,,,BLM seabird project,Cave 9,way in,,,,0
,,MT17_Cominotto_9,01/06/2022,6,2022,22,22:21:00,R,EE04617,0,4,,,390,,,,,,,,BLM seabird project,Cave 9,way in,,,,0
,,MT17_Cominotto_9,01/06/2022,6,2022,22,22:50:00,R,EE03827,0,4,,,435,,,,,,,,BLM seabird project,Cave 9,way in,,,,0
,,MT17_Cominotto_9,01/06/2022,6,2022,22,22:56:00,N,EE04559,0,4,,,385,,,,,,,,BLM seabird project,Cave 9,way in,,,,0
,,MT09_RM04D,18/05/2022,5,2022,21,21:15:00,N,EE04846,0,4,,,420,,,,,,,,BLM seabird project,Bellavista,way in ,,BP6,,0
,,MT09_RM04D,18/05/2022,5,2022,21,21:30:00,R,EE02442,0,4,,,420,,,,,,,,BLM seabird project,Bellavista,way in ,,BP6,,0
,,MT09_RM04D,18/05/2022,5,2022,21,21:45:00,R,EE04660,0,4,,,380,,,,,,,,BLM seabird project,Bellavista,way in ,,BP6,,0
,,MT09_RM04D,18/05/2022,5,2022,21,21:53:00,N,EE04847,0,4,,,330,,,,,,,,BLM seabird project,Bellavista,way in ,,BP5,,0
,,MT09_RM04D,18/05/2022,5,2022,21,21:56:00,N,EE04848,0,4,,,330,,,,,,,,BLM seabird project,Bellavista,way in ,,BP6,,0
,,MT09_RM04D,18/05/2022,5,2022,22,22:47:00,N,EE04553,0,4,,,340,,,,,,,,BLM seabird project,Bellavista,way in ,,BP5,,0
,,MT09_RM04D,18/05/2022,5,2022,22,22:05:00,N,EE04850,0,4,,,360,,,,,,,,BLM seabird project,Bellavista,way in ,,BP5,EE04849 printed wrong not used,0
,,MT09_RM04D,18/05/2022,5,2022,23,23:00:00,R,EE04660,0,4,,,360,,,,,,,,BLM seabird project,Bellavista,way out,,,,0
,,MT09_RM04D,18/05/2022,5,2022,23,23:05:00,R,EE04668,0,4,,,420,,,,,,,,BLM seabird project,bellavista ,way in,,,,0
,,MT09_RM03_North,21/05/2022,5,2022,21,21:24:00,R,EE02519,0,4,,,385,,,,,,,,BLM seabird project,North MN,way in,,,,0
,,MT09_RM03_North,21/05/2022,5,2022,21,21:45:00,N,EE04515,0,4,,,,,,,,,,,BLM seabird project,North MN,way in,,,vomitted | overlapped on purpose,0
,,MT09_RM03_North,21/05/2022,5,2022,21,21:45:00,R,EE03285,0,4,,,370,,,,,,,,BLM seabird project,North MN,WAY IN,,,,0
,,MT09_RM03_North,21/05/2022,5,2022,22,22:00:00,R,EE04723,0,4,,,385,,,,,,,,BLM seabird project,North MN,way in,,,,0
,,MT09_RM03_North,21/05/2022,5,2022,22,22:00:00,R,EE03718,0,4,,,410,,,,,,,,BLM seabird project,North MN,way in,,,,0
,,MT09_RM03_North,21/05/2022,5,2022,22,22:05:00,N,EE04516,0,4,,,390,,,,,,,,BLM seabird project,North MN,way in,,,vomitted,0
,,MT09_RM03_North,21/05/2022,5,2022,22,22:10:00,R,EE03532,0,4,,,385,,,,,,,,BLM seabird project,North MN,way in,,,,0
,,MT09_RM03_North,21/05/2022,5,2022,22,22:15:00,R,EE01508,0,4,,,400,,,,,,,,BLM seabird project,North MN,way in,,,old ring EE01508 open and replaced with EE04517,0
,,MT09_RM03_North,21/05/2022,5,2022,22,22:15:00,R,EE04517,1,4,,,400,,,,,,,,BLM seabird project,North MN,way in,,,old ring EE01508 open and replaced with EE04517,0
,,MT09_RM03_South,21/05/2022,5,2022,22,22:15:00,N,EE04518,0,4,,,370,,,,,,,,BLM seabird project,South ,prospector,,,,0
,,MT09_RM03_North,21/05/2022,5,2022,22,22:25:00,N,EE04519,0,4,,,320,,,,,,,,BLM seabird project,North MN,way in ,wet legs,,,0
,,MT09_RM03_North,21/05/2022,5,2022,22,22:28:00,R,EE04339,0,4,,,460,,,,,,,,BLM seabird project,North MN,way in,,,,0
,,MT09_RM03_North,21/05/2022,5,2022,22,22:55:00,N,EE04520,0,4,,,400,,,,,,,,BLM seabird project,North MN,way in,,,,0
,,MT09_RM03_North,21/05/2022,5,2022,23,23:00:00,N,EE04961,0,4,,,435,,,,,,,,BLM seabird project,North MN,way in,,BP6,,0
,,MT09_RM03_North,21/05/2022,5,2022,23,23:07:00,R,EE01517,0,4,,,450,,,,,,,,BLM seabird project,North MN,way in,,,old ring EE01517 open replaced with EE04692,0
,,MT09_RM03_North,21/05/2022,5,2022,23,23:07:00,R,EE04962,1,4,,,450,,,,,,,,BLM seabird project,North MN,way in,,,old ring EE01517 open replaced with EE04692,0
,,MT09_RM03_South,21/05/2022,5,2022,23,23:15:00,R,EE06822,0,4,,,410,,,,,,,,BLM seabird project,South MN,way in,,,,0
,,MT09_RM03_North,21/05/2022,5,2022,23,23:17:00,R,EE04338,0,4,,,410,,,,,,,,BLM seabird project,North MN,way in,,,,0
,,MT09_RM03_North,21/05/2022,5,2022,23,23:35:00,R,EE04700,0,4,,,,,,,,,,,BLM seabird project,RM03DC NS2,way in,,,,0
,,MT17_Cominotto_9,23/05/2022,5,2022,21,21:12:00,R,EE06808,0,4,,,360,,,,,,,,BLM seabird project,Cominotto 9,way in,,,,0
,,MT17_Cominotto_9,23/05/2022,5,2022,21,21:15:00,R,EE03825,0,4,,,440,,,,,,,,BLM seabird project,Cominotto 9,way in,,,,0
,,MT17_Cominotto_9,23/05/2022,5,2022,21,21:15:00,R,EE03954,0,4,,,400,,,,,,,,BLM seabird project,Cominotto 9,way in,,,,0
,,MT17_Cominotto_9,23/05/2022,5,2022,21,21:24:00,R,EE04222,0,4,,,440,,,,,,,,BLM seabird project,Cominotto 9,way in,,,,0
,,MT17_Cominotto_9,23/05/2022,5,2022,21,21:30:00,N,EE04555,0,4,,,350,,,,,,,,BLM seabird project,Cominotto 9,way in,WET legs,,prospector,1
,,MT17_Cominotto_9,23/05/2022,5,2022,21,21:32:00,R,EE03399,0,4,,,490,,,,,,,,BLM seabird project,Cominotto 9,way in,,,,0
,,MT17_Cominotto_9,23/05/2022,5,2022,21,21:40:00,R,EE04244,0,4,,,460,,,,,,,,BLM seabird project,Cominotto 9,way in,,,,0
,,MT17_Cominotto_9,23/05/2022,5,2022,21,21:54:00,N,EE04556,0,4,,,360,,,,,,,,BLM seabird project,Cominotto 9,way in,,,prospector,1
,,MT17_Cominotto_9,23/05/2022,5,2022,21,21:55:00,R,EE04321,0,4,,,400,,,,,,,,BLM seabird project,Cominotto 9,way in,,,,0
,,MT17_Cominotto_9,23/05/2022,5,2022,22,22:10:00,R,EE03846,0,4,,,435,,,,,,,,BLM seabird project,Cominotto 9,way in,,,,0
,,MT17_Cominotto_9,23/05/2022,5,2022,22,22:15:00,R,EE03953,0,4,,,420,,,,,,,,BLM seabird project,Cominotto 9,way in,,,,0
,,MT17_Cominotto_9,23/05/2022,5,2022,22,22:23:00,R,EE03830,0,4,,,460,,,,,,,,BLM seabird project,Cominotto 9,way in,,,,0
,,MT17_Cominotto_9,23/05/2022,5,2022,22,22:26:00,R,EE03388,0,4,,,395,,,,,,,,BLM seabird project,Cominotto 9,way in,,,,0
,,MT17_Cominotto_9,23/05/2022,5,2022,22,22:30:00,N,EE04557,0,4,,,385,,,,,,,,BLM seabird project,Cominotto 9,way in,,,,0
,,MT24_Majjistral_Eggshell,24/05/2022,5,2022,21,21:55:00,R,EE03325,0,4,,,410,,,,,,,,BLM seabird project,Eggshell Cave,way in,,,,0
,,MT24_Majjistral_Eggshell,24/05/2022,5,2022,22,22:00:00,N,EE04971,0,4,,,335,,,,,,,,BLM seabird project,Eggshell Cave,way in,,,,0
,,MT24_Majjistral_Eggshell,24/05/2022,5,2022,22,22:35:00,R,EE04715,0,4,,,390,,,,,,,,BLM seabird project,Eggshell Cave,way in,,,,0
,,MT24_Majjistral_Eggshell,24/05/2022,5,2022,22,23:00:00,R,EE04251,0,4,,,420,,,,,,,,BLM seabird project,Eggshell Cave,way in,,,,0
,,MT17_Cominotto_4,23/05/2022,5,2022,21,21:20:00,R,EE03943,0,4,,,390,,,,,,,,BLM seabird project,Cominotto Cave 4,way in,,,,0
,,MT17_Cominotto_4,23/05/2022,5,2022,21,21:23:00,N,EE04926,0,4,,,360,,,,,,,,BLM seabird project,Cominotto Cave 4,way in,,,,0
,,MT17_Cominotto_4,23/05/2022,5,2022,21,21:31:00,R,EE03714,0,4,,,435,,,,,,,,BLM seabird project,Cominotto Cave 4,way in,,,,0
,,MT17_Cominotto_4,23/05/2022,5,2022,21,21:58:00,R,EE06881,0,4,,,385,,,,,,,,BLM seabird project,Cominotto Cave 4,way in,,,,0
,,MT17_Cominotto_4,23/05/2022,5,2022,22,22:10:00,R,EE02844,0,4,,,410,,,,,,,,BLM seabird project,Cominotto Cave 4,way in,,,,0
,,MT17_Cominotto_4,23/05/2022,5,2022,22,22:35:00,R,EE06847,0,4,,,440,,,,,,,,BLM seabird project,Cominotto Cave 4,way in,,,,0
,,MT17_Cominotto_4,23/05/2022,5,2022,22,22:55:00,R,EE03945,0,4,,,385,,,,,,,,BLM seabird project,Cominotto Cave 4,way in,,,,0
,,MT17_Comino_Treasure,23/05/2022,5,2022,19,19:15:00,N,EE04554,0,1,,,380,,,,,,,,BLM seabird project,Treasure Cave,NS6,,,,0
,,MT17_Comino_Shelf,23/05/2022,5,2022,19,19:15:00,N,EE04963,0,1,,,,,,,,,,,BLM seabird project,Shelf Cave upper ,NS between NS17 and NS20,,,,0
,,MT17_Cominotto_2,23/05/2022,5,2022,21,21:13:00,N,EE04964,0,4,,,360,,,,,,,,BLM seabird project,Cominotto Cave 2,way in,,Bp6,,0
,,MT17_Cominotto_2,23/05/2022,5,2022,21,21:31:00,R,EE03681,0,4,,,460,,,,,,,,BLM seabird project,Cominotto Cave 2 ,Way in,,Bp5,,0
,,MT17_Cominotto_2,23/05/2022,5,2022,21,21:34:00,N,EE04965,0,4,,,300,,,,,,,,BLM seabird project,Cominotto Cave 2 ,way in,,BP5,,0
,,MT17_Cominotto_2,23/05/2022,5,2022,21,21:37:00,R,EE06787,0,4,,,395,,,,,,,,BLM seabird project,Cominotto Cave 2,way in,,BP4,,0
,,MT17_Cominotto_2,23/05/2022,5,2022,21,21:56:00,R,EE04605,0,4,,,380,,,,,,,,BLM seabird project,Cominotto Cave 2,way in,,,,0
,,MT17_Cominotto_2,23/05/2022,5,2022,21,21:59:00,R,EE06792,0,4,,,460,,,,,,,,BLM seabird project,Cominotto Cave 2,way in,,BP6,,0
,,MT17_Cominotto_2,23/05/2022,5,2022,22,22:05:00,N,EE04966,0,4,,,390,,,,,,,,BLM seabird project,Cominotto Cave 2,way in,,BP5,,0
,,MT17_Cominotto_2,23/05/2022,5,2022,22,22:21:00,R,EE04746,0,4,,,335,,,,,,,,BLM seabird project,Cominotto Cave 2,way in,,BP5,,0
,,MT17_Cominotto_2,23/05/2022,5,2022,22,22:31:00,R,EE06753,0,4,,,450,,,,,,,,BLM seabird project,Cominotto Cave 2,way in,,BP5,,0
,,MT17_Cominotto_2,23/05/2022,5,2022,22,22:45:00,N,EE04967,0,4,,,290,,,,,,,,BLM seabird project,Cominotto Cave 2,way in,,BP6,,0
,,MT17_Cominotto_2,23/05/2022,5,2022,22,22:55:00,N,EE04968,0,4,,,370,,,,,,,,BLM seabird project,Cominotto Cave 2,way in,,BP6,,0
,,MT24_Majjistral_South_4,24/05/2022,5,2022,21,21:15:00,N,EE04558,0,4,,,340,,,,,,,,BLM seabird project,SOW4,way in,,BP6,,0
,,MT24_Majjistral_South_4,24/05/2022,5,2022,21,21:19:00,R,EE02600,0,4,,,440,,,,,,,,BLM seabird project,SOW4,way in,,BP5,,0
,,MT24_Majjistral_South_4,24/05/2022,5,2022,21,21:21:00,R,EE06650,0,4,,,370,,,,,,,,BLM seabird project,SOW4,way in,,BP6,,0
,,MT24_Majjistral_South_4,24/05/2022,5,2022,21,21:21:00,R,EE06551,0,4,,,380,,,,,,,,BLM seabird project,SOW4,way in,,BP5,,0
,,MT24_Majjistral_South_4,24/05/2022,5,2022,21,21:29:00,R,EE03415,0,4,,,380,,,,,,,,BLM seabird project,SOW4,way in,,BP5,,0
,,MT24_Majjistral_South_4,24/05/2022,5,2022,21,21:30:00,R,EE02598,0,4,,,410,37.7,8.3,50.4,7,,49.7,,BLM seabird project,SOW4,way in,GLS?,BP5,HeadBill 84.6,0
,,MT24_Majjistral_South_4,24/05/2022,5,2022,21,21:54:00,R,EE03854,0,4,,,340,,,,,,,,BLM seabird project,SOW4,way in,,BP6,,0
,,MT24_Majjistral_South_4,24/05/2022,5,2022,22,22:00:00,R,EE06610,0,4,,,390,,,,,,,,BLM seabird project,SOW4,way in,,BP6,,0
,,MT24_Majjistral_South_4,24/05/2022,5,2022,22,22:02:00,R,EE04280,0,4,,,390,,,,,,,,BLM seabird project,SOW4,way in,,BP5,,0
,,MT24_Majjistral_South_4,24/05/2022,5,2022,22,22:04:00,R,EE04298,0,4,,,360,,,,,,,,BLM seabird project,SOW4,way in,,BP6,,0
,,MT24_Majjistral_South_4,24/05/2022,5,2022,22,22:10:00,R,EE04346,0,4,,,335,,,,,,,,BLM seabird project,SOW4,way in,,BP5,,0
,,MT24_Majjistral_South_4,24/05/2022,5,2022,22,22:28:00,R,EE03412,0,4,,,435,,,,,,,,BLM seabird project,SOW4,way in,,BP5,,0
,,MT24_Majjistral_South_4,24/05/2022,5,2022,22,22:30:00,R,EE03859,0,4,,,330,,,,,,,,BLM seabird project,SOW4,way in,,Bp5,,0
,,MT24_Majjistral_South_4,24/05/2022,5,2022,22,22:33:00,R,EE04296,0,4,,,440,,,,,,,,BLM seabird project,SOW4,way in,,Bp6,,0
,,MT24_Majjistral_South_4,24/05/2022,5,2022,22,22:36:00,R,EE06960,0,4,,,380,,,,,,,,BLM seabird project,SOW4,way in,,Bp6,,0
,,MT24_Majjistral_South_4,24/05/2022,5,2022,22,22:50:00,R,EE06953,0,4,,,395,,,,,,,,BLM seabird project,SOW4,way in,,BP6,,0
,,MT24_Majjistral_South_4,08/06/2022,6,2022,21,21:19:00,R,EE02597,0,4,,,470,,,,,,,,BLM seabird project,SOW4,way in,,,,0
,,MT24_Majjistral_South_4,08/06/2022,6,2022,21,21:21:00,R,EE04753,0,4,,,400,,,,,,,,BLM seabird project,SOW4,way in,,,,0
,,MT24_Majjistral_South_4,08/06/2022,6,2022,21,21:28:00,R,EE06903,0,4,,,410,,,,,,,,BLM seabird project,SOW4,way in,,,,0
,,MT24_Majjistral_South_4,08/06/2022,6,2022,21,21:28:00,R,EE03414,0,4,,,380,,,,,,,,BLM seabird project,SOW4,way in,,,,0
,,MT24_Majjistral_South_4,08/06/2022,6,2022,21,21:29:00,R,EE06610,0,4,,,410,,,,,,,,BLM seabird project,SOW4,way in,,,,0
,,MT24_Majjistral_South_4,08/06/2022,6,2022,21,21:39:00,R,EE06962,0,4,,,445,,,,,,,,BLM seabird project,SOW4,way in,,,,0
,,MT24_Majjistral_South_4,08/06/2022,6,2022,21,21:42:00,R,EE02601,0,4,,,420,,,,,,,,BLM seabird project,SOW4,way in,,,,0
,,MT24_Majjistral_South_4,08/06/2022,6,2022,21,21:48:00,N,EE04970,0,4,,,360,,,,,,,,BLM seabird project,SOW4,way in,,,,0
,,MT24_Majjistral_South_4,08/06/2022,6,2022,21,21:50:00,R,EE06954,0,4,,,410,,,,,,,,BLM seabird project,SOW4,way in,,,,0
,,MT24_Majjistral_South_4,08/06/2022,6,2022,21,21:50:00,R,EE06614,0,4,,,380,,,,,,,,BLM seabird project,SOW4,way in,,,,0
,,MT24_Majjistral_South_4,08/06/2022,6,2022,21,21:58:00,R,EE04298,0,4,,,390,,,,,,,,BLM seabird project,SOW4,way in,,,,0
,,MT24_Majjistral_South_4,08/06/2022,6,2022,21,21:59:00,R,EE03948,0,4,,,415,,,,,,,,BLM seabird project,SOW4,way in,,,,0
,,MT24_Majjistral_South_4,08/06/2022,6,2022,22,22:01:00,R,EE02541,0,4,,,440,,,,,,,,BLM seabird project,SOW4,way in,,,,0
,,MT24_Majjistral_South_4,08/06/2022,6,2022,22,22:05:00,R,EE02536,0,4,,,450,,,,,,,,BLM seabird project,SOW4,way in,,,,0
,,MT24_Majjistral_South_4,08/06/2022,6,2022,22,22:12:00,R,EE03853,0,4,,,420,,,,,,,,BLM seabird project,SOW4,way in,,,,0
,,MT24_Majjistral_South_4,08/06/2022,6,2022,22,22:18:00,R,EE06875,0,4,,,340,,,,,,,,BLM seabird project,SOW4,way in,,,,0
,,MT24_Majjistral_South_4,08/06/2022,6,2022,22,22:21:00,R,EE02594,0,4,,,405,,,,,,,,BLM seabird project,SOW4,way in,,,,0
,,MT24_Majjistral_South_4,08/06/2022,6,2022,22,22:32:00,R,EE03858,0,4,,,390,,,,,,,,BLM seabird project,SOW4,way in,,,,0
,,MT24_Majjistral_South_4,08/06/2022,6,2022,22,22:36:00,R,EE03855,0,4,,,390,,,,,,,,BLM seabird project,SOW4,way in,,,,0
,,MT24_Majjistral_South_4,08/06/2022,6,2022,22,22:39:00,R,EE03922,0,4,,,415,,,,,,,,BLM seabird project,SOW4,way in,also with FF04838,,,0
,,MT24_Majjistral_South_4,08/06/2022,6,2022,23,23:05:00,R,EE03410,0,4,,,320,,,,,,,,BLM seabird project,SOW4,way in,,,,0
,,MT24_Majjistral_South_4,08/06/2022,6,2022,23,23:10:00,R,EE06953,0,4,,,395,,,,,,,,BLM seabird project,SOW4,way in,,,,0
,,MT24_Majjistral_South_4,08/06/2022,6,2022,23,23:14:00,R,EE02600,0,4,,,445,,,,,,,,BLM seabird project,SOW4,way in,,,,0
,,MT24_Majjistral_South_4,08/06/2022,6,2022,23,23:22:00,R,EE04765,0,4,,,340,,,,,,,,BLM seabird project,SOW4,way in,,,,0
,,MT09_RM01,09/06/2022,6,2022,21,21:00:00,N,EE04855,0,1,,,370,,,,,,,,BLM seabird project,RM01 Big Crack,NB02,,,,0
,,MT09_RM01,09/06/2022,6,2022,21,21:10:00,N,EE04856,0,1,,,380,,,,,,,,BLM seabird project,RM01 Big Crack,NB23,,,,0
,,MT09_RM01,09/06/2022,6,2022,21,21:20:00,R,EE04504,0,1,,,420,,,,,,,,BLM seabird project,RM01 Big Crack,NB20,,,,0
,,MT09_RM01,09/06/2022,6,2022,21,21:45:00,N,EE04857,0,1,,,410,,,,,,,,BLM seabird project,RM01,tunnel nest behind BST 20,,,,0
,,MT09_RM01,18/06/2022,6,2022,19,19:15:00,R,EE04855,0,1,,,430,,,,,,,,BLM seabird project,RM01,NB02,FL,,,0
,,MT09_RM01,18/06/2022,6,2022,19,19:30:00,R,EE04856,0,1,,,400,,,,,,,,BLM seabird project,RM01,NB23,FL,,,0
,,MT09_RM01,18/06/2022,6,2022,19,19:35:00,R,EE04504,0,1,,,350,,,,,,,,BLM seabird project,RM01,NB20,RF,,,0
,,MT09_RM01,18/06/2022,6,2022,19,19:45:00,N,EE04991,0,1,,,380,,,,,,,,BLM seabird project,RM01,NB07,FL,,,0
,,MT09_RM05GC_Central,18/06/2022,6,2022,22,22:00:00,R,EE06969,0,4,,,,,,,,,,,BLM seabird project,Gregale central ledge,way in ,,,,0
,,MT09_RM05GC_Central,18/06/2022,6,2022,22,22:20:00,R,EE03146,0,4,,,400,,,,,,,,BLM seabird project,Gregale central ledge,way in ,,,,0
,,MT09_RM05GC_Central,18/06/2022,6,2022,22,22:38:00,R,EE06540,0,4,,,460,,,,,,,,BLM seabird project,Gregale central ledge,way in ,,,,0
,,MT09_RM05GC_Central,18/06/2022,6,2022,22,22:40:00,N,EE04992,0,4,,,340,,,,,,,,BLM seabird project,Gregale central ledge,way in ,overlapped on purpose,,,0
,,MT09_RM05GC_Central,18/06/2022,6,2022,22,22:40:00,N,EE04993,0,4,,,440,,,,,,,,BLM seabird project,Gregale central ledge,way in ,overlapped on purpose,,,0
,,MT09_RM05GC_Central,18/06/2022,6,2022,22,22:45:00,R,EE06974,0,4,,,360,,,,,,,,BLM seabird project,Gregale central ledge,way in ,,,,0
,,MT09_RM05GC_Central,18/06/2022,6,2022,22,22:45:00,R,EE03055,0,4,,,440,,,,,,,,BLM seabird project,Gregale central ledge,way in ,,,,0
,,MT09_RM05GC_Central,18/06/2022,6,2022,22,22:50:00,N,EE04994,0,4,,,380,,,,,,,,BLM seabird project,Gregale central ledge,way in ,,,,0
,,MT09_RM05L,18/06/2022,6,2022,23,23:05:00,N,EE04995,0,4,,,340,,,,,,,,BLM seabird project,RM05 Lower,outside,,,,0
,,MT09_RM04A,18/06/2022,6,2022,23,23:20:00,R,EE04529,0,4,,,335,,,,,,,,BLM seabird project,RM04A,NS2,,,together in NS2 with chick,0
,,MT09_RM04A,18/06/2022,6,2022,23,23:20:00,R,EE06706,0,4,,,275,,,,,,,,BLM seabird project,RM04A,NS2,,,together in NS2 with chick,0
,,MT09_RM01,24/06/2022,6,2022,20,20:00:00,N,EE04979,0,1,,,295,,,,,,,,BLM seabird project,RM01,NB22,overlapped on purpose,,,0
,,MT09_RM01,24/06/2022,6,2022,20,20:05:00,R,EE04856,0,1,,,395,,,,,,,,BLM seabird project,RM01 Big Crack,NB23,,,,0
,,MT09_RM01,24/06/2022,6,2022,20,20:10:00,R,EE04855,0,1,,,455,,,,,,,,BLM seabird project,RM01 Big Crack,NB02,TAGGED BY ciesm,,,0
,,MT09_RM01,24/06/2022,6,2022,20,20:15:00,R,EE04991,0,1,,,375,,,,,,,,BLM seabird project,RM01,NB26,FL,,,0
,,MT09_RM01,24/06/2022,6,2022,20,20:20:00,N,EE04980,0,1,,,340,,,,,,,,BLM seabird project,RM01,NB07,FL,,,0
,,MT09_RM02_Lower,24/06/2022,6,2022,20,20:40:00,N,EE04998,0,3J,,202,340,,,47.3,,,,,BLM seabird project,RM02 Above scamble point,outside,TAGGED BY ciesm; overlapped on purpose,,,0
,,MT09_RM02_Lower,24/06/2022,6,2022,21,21:00:00,N,EE04999,0,3J,,220,425,,,47.6,,,,,BLM seabird project,RM02 Lower Cave,outside,Tagged by CIESM,,,0
,,MT09_RM02_Lower,24/06/2022,6,2022,21,21:40:00,N,EE05000,0,3J,,224,425,,,45.5,,,,,BLM seabird project,RM02 Lower Cave,outside,TAGGED BY ciesm; overlapped on purpose,,,0
,,MT09_RM02_Lower,24/06/2022,6,2022,21,21:40:00,N,EE04578,0,3J,,230,350,,,48.2,,,,,BLM seabird project,RM02 Lower Cave,outside,overlapped on purpose,,,0
,,MT09_RM02_Lower,24/06/2022,6,2022,22,22:00:00,N,EE04579,0,4,,234,320,,,45.4,,,,,BLM seabird project,RM02 Lower Cave,,,,,0
,,MT09_RM02_Lower,24/06/2022,6,2022,22,22:00:00,N,EE04580,0,4,,,360,,,,,,,,BLM seabird project,RM02 Lower Cave,,,,,0
,,MT09_RM02_Lower,24/06/2022,6,2022,22,22:00:00,N,EE04902,0,4,,,340,,,,,,,,BLM seabird project,RM02 Lower Cave,,,,,0
,,MT09_RM02_Lower,24/06/2022,6,2022,22,22:20:00,N,EE04903,0,3J,,220,355,,,45.9,,,,,BLM seabird project,RM02 Lower Cave,way out,,,,0
,,MT09_RM02_Lower,24/06/2022,6,2022,22,22:20:00,N,EE04904,0,3J,,221,405,,,45.1,,,,,BLM seabird project,RM02 Lower Cave,way out,tagged by CIESM,,,0
,,MT09_RM01,24/06/2022,6,2022,23,23:00:00,N,EE04905,0,3J,,227,365,,,46.7,,,,,BLM seabird project,RM01 Big Crack,outside,,,,0
,,MT09_RM01,24/06/2022,6,2022,23,23:05:00,R,EE02730,0,4,,,,,,,,,,,BLM seabird project,RM01 Big Crack,NB02 ,tagged by CIESM,,,0
,,MT09_RM01,24/06/2022,6,2022,23,23:10:00,R,EE04039,0,4,,,,,,,,,,,BLM seabird project,RM01 Big Crack,NB23,tagged by CIESM,,,0
,,MT09_RM01,24/06/2022,6,2022,23,23:40:00,R,EE03004,0,4,,,395,,,,,,,,BLM seabird project,RM01 Big Crack,NB02,tagged by CIESM,,,0
,,MT09_RM01,24/06/2022,6,2022,23,23:50:00,N,EE04906,0,4,,,425,,,,,,,,BLM seabird project,RM01 Big Crack,way in,,,,0
,,MT09_RM01,25/06/2022,6,2022,0,00:10:00,N,EE04907,0,3J,,223,390,,,45.7,,,,,BLM seabird project,RM01 above Big Crack,way out,,,,0
,,MT27_Hasan,17/06/2022,6,2022,23,23:00:00,N,EE04986,0,1,,,310,,,,,,,,BLM seabird project,Ghar Hasan,ns 2 right,RF,,,0
,,MT27_Hasan,17/06/2022,6,2022,23,23:10:00,R,EE06693,0,4,,,310,,,,,,,,BLM seabird project,Ghar Hasan,NS3 ,,,,0
,,MT27_Hasan,17/06/2022,6,2022,23,23:10:00,R,EE04505,0,1,,,430,,,,,,,,BLM seabird project,Ghar Hasan,NS3,RF,,,0
,,MT27_Hasan,17/06/2022,6,2022,23,23:25:00,R,EE01692,0,4,,,335,,,,,,,,BLM seabird project,Ghar Hasan,NS2 left way out,,,,0
,,office,20/06/2022,6,2022,20,20:30:00,N,EE04911,0,3J,,205,280,,,,,,,,BLM seabird project,"Picked up by kayakers at ix-xaqqa, bird fell from nest during day 18/06/2022",released majjistral 20/06/2022 20:30,,,,0
,,MT27_Babu,22/06/2022,6,2022,19,19:15:00,R,EE04197,0,4,,,310,,,,,,,,BLM seabird project,Wied Babu,inside during the day on rocky ledge right of way up,,,,0
,,MT27_Babu,22/06/2022,6,2022,19,19:15:00,N,EE04912,0,1,,200,320,,,46.3,,,,,BLM seabird project,Wied Babu,NS6,FL overlapped on purpose,,,0
,,MT27_Babu,22/06/2022,6,2022,19,19:45:00,N,EE04913,0,1,,197,410,,,45.3,,,,,BLM seabird project,Wied Babu,NS8,FL overlapped on purpose,,,0
,,MT24_Majjistral_Eggshell,23/06/2022,6,2022,19,19:45:00,N,EE04972,0,1,,186,,,,45.5,,,,,BLM seabird project,Eggshell Cave,NS15,FL overlapped on purpose,,,0
,,MT24_Majjistral_Eggshell,23/06/2022,6,2022,19,19:50:00,N,EE04973,0,1,,187,,,,47.2,,,,,BLM seabird project,Eggshell Cave,NS11,FL ,,,0
,,MT24_Majjistral_Eggshell,23/06/2022,6,2022,20,20:00:00,N,EE04974,0,1,,162,,,,45,,,,,BLM seabird project,Eggshell Cave,NS9,FM/FL overlapped on purpose,,,0
,,MT24_Majjistral_Eggshell,23/06/2022,6,2022,22,22:15:00,N,EE04975,0,3J,,212,290,,,46.4,,,,,BLM seabird project,Eggshell Cave,NS3b ,fledged at 22:20,,,0
,,MT24_Majjistral_Eggshell,23/06/2022,6,2022,20,20:10:00,N,EE04976,0,1,,196,405,,,49,,,,,BLM seabird project,Eggshell Cave,NS19,RF,,,0
,,MT24_Majjistral_South_1,23/06/2022,6,2022,21,21:15:00,R,EE03160,0,4,,,380,,,,,,,,BLM seabird project,SOW 1,NS1 ,with chick,,,0
,,MT24_Majjistral_South_1,23/06/2022,6,2022,21,21:15:00,N,EE04977,0,1,,205,415,,,46.3,,,,,BLM seabird project,SOW 1,NS1,FL,,,0
,,MT24_Majjistral_South_1,23/06/2022,6,2022,21,21:25:00,R,EE06951,0,4,,,,,,,,,,,BLM seabird project,SOW 1,way in,,,,0
,,MT24_Majjistral_South_1,23/06/2022,6,2022,21,21:31:00,R,EE03928,0,4,,,,,,,,,,,BLM seabird project,SOW 1,way in,,,,0
,,MT24_Majjstral_South_4,23/06/2022,6,2022,21,21:45:00,N,EE04978,0,3J,,227,370,,,48.1,,,,,BLM seabird project,SOW 4 ,way out,,,,0
,,MT09_RM04D,27/06/2022,6,2022,20,20:45:00,N,EE04914,0,1,,217,390,,,46.7,,,,,BLM seabird project,bellavista,NS1 right deep,RF,,,0
,,MT09_RM04D,27/06/2022,6,2022,21,21:20:00,N,EE04915,0,1,,208,445,,,47.7,,,,,BLM seabird project,bellavista,NS6,RF,,,0
,,MT09_RM04D,27/06/2022,6,2022,22,22:00:00,R,EE04846,0,4,,,390,,,,,,,,BLM seabird project,Bellavista,way in,,,,0
,,MT09_RM04D,27/06/2022,6,2022,22,22:05:00,R,EE02442,0,4,,,390,,,,,,,,BLM seabird project,Bellavista,NS7 way in ,,,,0
,,MT09_RM04D,27/06/2022,6,2022,22,22:16:00,R,EE04651,0,4,,,390,,,,,,,,BLM seabird project,Bellavista,NS4 way in ,regurgitated,,,0
,,MT09_RM04D,27/06/2022,6,2022,22,22:20:00,R,EE04659,0,4,,,430,37.7,8,46.1,,46.7,49.9,28.2,BLM seabird project,Bellavista,NS1 way in,GLS retrieved BS 84.4,,,0
,,MT09_RM04D,27/06/2022,6,2022,22,22:45:00,N,EE04916,0,4,,,370,,,,,,,,BLM seabird project,Bellavista,,,,,0
,,MT09_RM04C,27/06/2022,6,2022,23,23:25:00,N,EE04917,0,1,,171,370,,,45,,,,,BLM seabird project,RM04C,Cave 2 NS6,FL,,,0
,,MT09_RM04A,28/06/2022,6,2022,0,00:10:00,N,EE04918,0,3J,,225,400,,,,,,,,BLM seabird project,RM04A ,way out,,,,0
,,MT24_Majjistral_NorthCave,28/06/2022,6,2022,19,19:30:00,N,EE04919,0,1,,220,400,,,45.7,,,,,BLM seabird project,North of Wall ,NS5,RF,,,0
,,MT24_Majjistral_NorthCave,28/06/2022,6,2022,19,19:40:00,N,EE04920,0,1,,150,450,,,45.6,,,,,BLM seabird project,North of Wall ,NS4,FM,,,0
,,MT24_Majjistral_NorthCave,28/06/2022,6,2022,19,19:55:00,N,EE04891,0,1,,205,280,,,46.1,,,,,BLM seabird project,North of Wall ,NS10,RF,,,0
,,MT24_Cumnija,28/06/2022,6,2022,21,21:45:00,N,EE04892,0,1,,205,280,,,45.2,,,,,BLM seabird project,Cumnija,NS5,RF,,,0
,,office,04/07/2022,7,2022,21,21:00:00,N,EE04954,0,3J,,225,310,,,45.8,,,,,BLM seabird project,Grounded Gnejna 04/07/2022,released majjistral 04/07/2022,,,,0
,,office,05/07/2022,7,2022,20,20:25:00,N,EE04955,0,3J,,222,310,,,46.5,,,,,BLM seabird project,Grounded Ghajn Tuffieha,released majjistral 05/07/2022,,,,0
,,MT24_Majjistral_Eggshell,08/06/2022,6,2022,21,21:10:00,R,EE06698,0,4,,,370,,,,,,,,BLM seabird project,Eggshell Cave,way in,,,,0
,,MT24_Majjistral_Eggshell,08/06/2022,6,2022,21,21:25:00,R,EE04845,0,4,,,330,,,,,,,,BLM seabird project,Eggshell Cave,way in,,,,0
,,MT24_Majjistral_Eggshell,08/06/2022,6,2022,21,21:50:00,R,EE02094,0,4,,,410,,,,,,,,BLM seabird project,Eggshell Cave,way in,,,,0
,,MT24_Majjistral_Eggshell,08/06/2022,6,2022,22,22:00:00,R,EE03732,0,4,,,385,,,,,,,,BLM seabird project,Eggshell Cave,way in,,,,0
,,MT24_Majjistral_Eggshell,08/06/2022,6,2022,22,22:19:00,R,EE03271,0,4,,,370,,,,,,,,BLM seabird project,Eggshell Cave,way in,,,,0
,,MT24_Majjistral_Eggshell,08/06/2022,6,2022,22,22:22:00,R,EE03282,0,4,,,395,,,,,,,,BLM seabird project,Eggshell Cave,way in,,,,0
,,MT24_Majjistral_Eggshell,08/06/2022,6,2022,22,22:34:00,R,EE04208,0,4,,,365,,,,,,,,BLM seabird project,Eggshell Cave,way in,,,,0
,,MT24_Majjistral_Eggshell,08/06/2022,6,2022,22,22:43:00,R,EE02242,0,4,,,385,,,,,,,,BLM seabird project,Eggshell Cave,way in,,,,0
,,office,16/06/2022,6,2022,20,20:45:00,N,EE04506,0,3J,,213,460,,,48.1,,,,,BLM seabird project,found in Comino Channel ,released St Paul's Islands,,,,0
,,MT22_StPauls_WestCave,16/06/2022,6,2022,20,20:45:00,N,EE04507,0,1,,,310,,,,,,,,BLM seabird project,West Cave,NS1.5,IP overlapped on purpose,,,0
,,MT22_StPauls_WestCave,16/06/2022,6,2022,20,20:55:00,N,EE04508,0,1,,,285,,,,,,,,BLM seabird project,West Cave,NS4,FS,,,0
,,MT22_StPauls_WestCave,16/06/2022,6,2022,21,21:10:00,N,EE04509,0,1,,,360,,,46.2,,,,,BLM seabird project,West Cave,NS7.5,RF,,,0
,,MT22_StPauls_WestCave,16/06/2022,6,2022,21,21:15:00,N,EE04510,0,1,,,335,,,,,,,,BLM seabird project,West Cave,NS3,FM,,,0
,,MT22_StPauls_WestCave,16/06/2022,6,2022,22,22:10:00,R,EE04045,0,4,,,420,,,,,,,,BLM seabird project,West Cave,way in,,,,0
,,MT22_StPauls_WestCave,16/06/2022,6,2022,22,22:20:00,R,EE06631,0,4,,,380,,,,,,,,BLM seabird project,West Cave,way in NS1.5,NS1.5,,,0
,,MT22_StPauls_WestCave,16/06/2022,6,2022,22,22:43:00,R,EE03552,0,4,,,430,,,,,,,,BLM seabird project,West Cave,way in NS3,NS3 ,,,0
,,MT09_RM03_North,17/06/2022,6,2022,21,21:24:00,N,EE04927,0,4,,,420,,,,,,,,BLM seabird project,Dolphin Cave North MN,way in,,,,0
,,MT09_RM03_North,17/06/2022,6,2022,21,21:25:00,N,EE04928,0,4,,,410,,,,,,,,BLM seabird project,Dolphin Cave North MN,way in,,,,0
,,MT09_RM03_North,17/06/2022,6,2022,21,21:41:00,R,EE04700,0,4,,,540,,,,,,,,BLM seabird project,Dolphin Cave North MN,way in,,,,0
,,MT09_RM03_North,17/06/2022,6,2022,21,21:43:00,R,EE02359,0,4,,,435,,,,,,,,BLM seabird project,Dolphin Cave North MN,way in,,,,0
,,MT09_RM03_North,17/06/2022,6,2022,21,21:46:00,R,EE03390,0,4,,,435,,,,,,,,BLM seabird project,Dolphin Cave North MN,way in,,,,0
,,MT09_RM03_North,17/06/2022,6,2022,21,21:49:00,R,EE04325,0,4,,,440,,,,,,,,BLM seabird project,Dolphin Cave North MN,way in,,,,0
,,MT09_RM03_North,17/06/2022,6,2022,22,22:11:00,N,EE04929,0,4,,,385,,,,,,,,BLM seabird project,Dolphin Cave North ,way in,,,,0
,,MT09_RM03_North,17/06/2022,6,2022,22,22:17:00,R,EE03102,0,4,,,390,,,,,,,,BLM seabird project,Dolphin Cave North MN,way in,,,,0
,,MT09_RM03_North,17/06/2022,6,2022,22,22:19:00,R,EE04515,0,4,,,385,,,,,,,,BLM seabird project,Dolphin Cave North MN,way in,,,,0
,,MT09_RM03_North,17/06/2022,6,2022,22,22:25:00,R,EE04649,0,4,,,440,,,,,,,,BLM seabird project,Dolphin Cave North MN,way in,,,,0
,,MT09_RM03_North,17/06/2022,6,2022,22,22:36:00,R,EE06759,0,4,,,395,,,,,,,,BLM seabird project,Dolphin Cave North MN,way in,,,,0
,,MT09_RM03_North,17/06/2022,6,2022,22,22:38:00,R,EE04961,0,4,,,430,,,,,,,,BLM seabird project,Dolphin Cave North MN,way in,,,,0
,,MT09_RM03_North,17/06/2022,6,2022,22,22:39:00,R,EE03285,0,4,,,370,,,,,,,,BLM seabird project,Dolphin Cave North MN,way in,,,,0
,,MT09_RM03_North,17/06/2022,6,2022,22,22:40:00,N,EE04930,0,4,,,510,,,,,,,,BLM seabird project,Dolphin Cave North MN,way in,,,,0
,,MT09_RM03_North,17/06/2022,6,2022,22,22:53:00,R,EE03439,0,4,,,410,,,,,,,,BLM seabird project,Dolphin Cave North MN,way in,,,,0
,,MT09_RM03_North,17/06/2022,6,2022,22,23:03:00,N,EE04576,0,2,,,440,,,,,,,,BLM seabird project,Dolphin Cave North MN,way in,fledgling? But way in MN? ,,,0
,,MT09_RM03_North,17/06/2022,6,2022,22,23:21:00,N,EE04577,0,2,,,370,,,,,,,,BLM seabird project,Dolphin Cave North MN,way in,fledgling? But way in MN? ,,,0
,,MT30_TaCenc_Hourglass,20/06/2022,6,2022,22,22:10:00,N,EE04996,0,4,,,410,,,,,,,,BLM seabird project,Hour Glass,,,,,0
,,MT30_TaCenc_Hourglass,20/06/2022,6,2022,22,22:15:00,N,EE04997,0,3J,,,450,,,,,,,,BLM seabird project,Hour Glass,,,,,0
,,MT09_RM03_North,27/06/2022,6,2022,21,21:17:00,N,EE04858,0,3J,,226,355,,,44.8,,,,,BLM seabird project,RM03,NS10 way out,,,,0
,,MT09_RM03_North,27/06/2022,6,2022,21,21:30:00,N,EE04859,0,3J,,222,385,,,45.8,,,,,BLM seabird project,RM03,NS7 way out,,,,0
,,MT09_RM03_North,27/06/2022,6,2022,21,21:40:00,N,EE04881,0,3J,,221,390,,,44,,,,,BLM seabird project,RM03,NS6 way out,,,,0
,,MT09_RM03_North,27/06/2022,6,2022,21,21:40:00,N,EE04860,0,3J,,222,385,,,45.4,,,,,BLM seabird project,RM03,NS8 way out,,,,0
,,MT09_RM03_North,27/06/2022,6,2022,21,21:50:00,N,EE04882,0,3J,,221,360,,,42.6,,,,,BLM seabird project,RM03,NS2 way out,,,,0
,,MT09_RM03_North,27/06/2022,6,2022,21,21:50:00,N,EE04884,0,3J,,219,350,,,45.1,,,,,BLM seabird project,RM03,NS2 way out,,,,0
,,MT09_RM03_North,27/06/2022,6,2022,22,22:09:00,N,EE04885,0,3J,,217,360,,,42.7,,,,,BLM seabird project,RM03,below NS1,,,,0
,,MT09_RM03_North,27/06/2022,6,2022,22,22:11:00,R,EE04517,0,4,,,,,,,,,,,BLM seabird project,RM03,way in NS8,,,,0
,,MT09_RM03_18to22,27/06/2022,6,2022,22,22:23:00,N,EE04883,0,3J,,219,420,,,44,,,,,BLM seabird project,RM03,NS20_22 way out,,,,0
,,MT09_RM03_North,27/06/2022,6,2022,23,23:19:00,R,EE03287,0,4,,,310,,,,,,,,BLM seabird project,RM03,NS10 way in ,,,,0
,,MT09_RM03_North,27/06/2022,6,2022,23,23:46:00,N,EE04886,0,4,,,335,,,,,,,,BLM seabird project,RM03,NS9 way out,,,,0
,,MT17_Comino_Shelf,30/06/2022,6,2022,20,20:20:00,N,EE04887,0,1,,216,,,,45.1,,,,,BLM seabird project,Shelf Cave,NS9,,,,0
,,MT17_Comino_Shelf,30/06/2022,6,2022,20,20:30:00,N,EE04888,0,1,,219,355,,,45.1,,,,,BLM seabird project,Shelf Cave,NS10,,,,0
,,MT17_Comino_Shelf,30/06/2022,6,2022,20,20:40:00,N,EE04889,0,3J,,221,430,,,45,,,,,BLM seabird project,Shelf Cave ,,,,,0
,,MT17_Comino_Shelf,30/06/2022,6,2022,21,21:00:00,N,EE04890,0,4,,233,445,,,47.3,,,,,BLM seabird project,Shelf Cave,,,,,0
,,MT17_Comino_Shelf,30/06/2022,6,2022,21,21:15:00,N,EE04893,0,3J,,222,410,,,45.4,,,,,BLM seabird project,Shelf Cave ,,,,,0
,,MT17_Comino_Shelf,30/06/2022,6,2022,21,21:32:00,N,EE04894,0,3J,,221,380,,,46,,,,,BLM seabird project,Shelf Cave,,,,,0
,,MT17_Comino_Shelf,30/06/2022,6,2022,22,22:10:00,N,EE04895,0,4,,,,,,,,,,,BLM seabird project,Shelf Cave ,,,,,0
,,MT24_Majjistral_South_4,05/07/2022,7,2022,21,21:30:00,N,EE04956,0,4,,,410,,,,,,,,BLM seabird project,SOW4 ,way in ,,,,0
,,MT24_Majjistral_South_4,05/07/2022,7,2022,21,21:43:00,N,EE04957,0,4,,,385,,,,,,,,BLM seabird project,SOW4,way in,,,,0
,,office,08/07/2022,7,2022,23,23:00:00,N,EE04958,0,3J,,228,330,,,47.8,,,,,BLM seabird project,grounded Marsa 07/07/2022,released Rdum tal-Madonna 08/07/2022,,,,0
,,office,08/07/2022,7,2022,21,21:00:00,N,EE04959,0,3J,,227,365,,,47.2,,,,,BLM seabird project,found at sea Comino Channel,"waterproofing problem, washed 07/07/2022, released Cumnija 08/07/2022",weight on retrieval 04/07/2022 315g,,,0
,,MT09_RM01,11/07/2022,7,2022,20,20:20:00,N,EE04960,0,1,,162,375,,,45.3,,,,,BLM seabird project,Big Crack,NB18,overlapped on purpose,,,0
,,MT09_RM01,11/07/2022,7,2022,20,20:25:00,R,EE04989,0,1,,202,355,,,45,,,,,BLM seabird project,Big Crack,NB19,tagged by BM for CIESM,,,0
,,MT09_RM01,11/07/2022,7,2022,21,21:05:00,N,EE04931,0,3J,,221,380,,,47.1,,,,,BLM seabird project,Big Crack,way out,"overlapped on purpose, tagged by BM for CIESM",,,0
,,MT09_RM01_Lower,11/07/2022,7,2022,22,22:00:00,N,EE04932,0,3J,,232,380,,,47.8,,,,,BLM seabird project,Big Crack,outside,"overlapped on purpose, tagged by BM for CIESM",,,0
,,MT09_RM02_Lower,11/07/2022,7,2022,22,22:35:00,N,EE04933,0,1J,,167,110,,,41.6,,,,,BLM seabird project,RM02 Above scamble point,"outside, dying, FM/FL",,,,0
,,MT09_RM04A,11/07/2022,7,2022,23,23:55:00,R,EE04865,0,1,,202,380,,,46.8,,,,,BLM seabird project,RM04A,NS2,"RF, tagged by BM for CIESM",,,0
,,MT22_StPauls_Nestboxledge,16/06/2022,6,2022,20,20:45:00,N,EE04560,0,1,,,370,,,,,,,,BLM seabird project,Nestbox ledge,NB03,FM,,,0
,,MT22_StPauls_MainCave,16/06/2022,6,2022,21,21:39:00,N,EE04571,0,4,,,450,,,,,,,,BLM seabird project,Main Cave MN,way in,,,,0
,,MT22_StPauls_MainCave,16/06/2022,6,2022,21,21:44:00,N,EE04572,0,4,,,440,,,,,,,,BLM seabird project,Main Cave,way in lower hole,by hand,,,0
,,MT22_StPauls_MainCave,16/06/2022,6,2022,21,21:46:00,N,EE04573,0,4,,,430,,,,,,,,BLM seabird project,Main Cave,way in lower hole,by hand,,,0
,,MT22_StPauls_MainCave,16/06/2022,6,2022,22,22:05:00,N,EE04574,0,4,,,450,,,,,,,,BLM seabird project,Main Cave MN,way in,,,,0
,,MT22_StPauls_MainCave,16/06/2022,6,2022,22,22:11:00,N,EE04575,0,4,,,390,,,,,,,,BLM seabird project,Main Cave Mn,way in,,,,0
,,MT22_StPauls_MainCave,16/06/2022,6,2022,22,22:13:00,R,EE06642,0,4,,,460,,,,,,,,BLM seabird project,Main Cave MN,way in,,,,0
,,MT22_StPauls_MainCave,16/06/2022,6,2022,22,22:24:00,R,EE02619,0,4,,,415,,,,,,,,BLM seabird project,Main Cave MN,way in,,,,0
,,MT09_RM01,01/07/2022,7,2022,19,19:00:00,R,EE04855,0,1,,221,380,,,46.3,,,,,BLM seabird project,Big Crack,NB02,,,,0
,,MT09_RM01,01/07/2022,7,2022,19,19:05:00,R,EE04856,0,1,,209,400,,,46.3,,,,,BLM seabird project,Big Crack,NB23,,,,0
,,MT09_RM01,01/07/2022,7,2022,19,19:20:00,N,EE04989,0,1,,172,380,,,46.3,,,,,BLM seabird project,Big Crack,NB19,overlapped on pupose,,,0
,,MT09_RM01,01/07/2022,7,2022,19,19:25:00,R,EE04870,0,3J,,,,,,,,,,,BLM seabird project,Big Crack,NB01 ,not in its nest,,,0
,,MT09_RM01,01/07/2022,7,2022,19,19:40:00,R,EE04991,0,1,,211,285,,,47.4,,,,,BLM seabird project,Rm01,NB26,RF,,,0
,,MT09_RM01,01/07/2022,7,2022,19,19:45:00,R,EE04980,0,1,,218,330,,,45.5,,,,,BLM seabird project,RM01,NB07,RF,,,0
,,MT09_RM05GC_Central,01/07/2022,7,2022,21,21:00:00,N,EE04896,0,3J,,216,320,,,44,,,,,BLM seabird project,Gregale central ledge,way out,dirty belly,,,0
,,MT09_RM05GC_North,01/07/2022,7,2022,21,21:25:00,R,EE01937,0,4,,,410,,,,,,,,BLM seabird project,Gregale North ledge,way in,old ring EE01937 replaced with new ring EE04990,,,0
,,MT09_RM05GC_North,01/07/2022,7,2022,21,21:25:00,R,EE04990,1,4,,,410,,,,,,,,BLM seabird project,Gregale North ledge,way in,old ring EE01937 replaced with new ring EE04990,,,0
,,MT09_RM05GC_Central,01/07/2022,7,2022,21,21:51:00,R,EE04061,0,4,,,,,,,,,,,BLM seabird project,Gregale central ledge,way in,,,,0
,,MT09_RM05GC_South,01/07/2022,7,2022,21,21:35:00,N,EE04897,0,3J,,228,430,,,45.9,,,,,BLM seabird project,Gregale South ledge,way out,,,,0
,,MT09_RM05GC_North,01/07/2022,7,2022,22,22:00:00,N,EE04898,0,1,,191,230,,,,,,,,BLM seabird project,Gregale ,NS10,FL,,,0
,,MT09_RM05GC_North,01/07/2022,7,2022,22,22:00:00,N,EE04899,0,3J,,220,420,,,44.5,,,,,BLM seabird project,Gregale North ledge,way out,,,,0
,,MT09_RM05GC_Central,01/07/2022,7,2022,22,22:16:00,R,EE02557,0,4,,,470,,,,,,,,BLM seabird project,Gregale central ledge,way in,,,,0
,,MT09_RM05BT_Upper,02/07/2022,7,2022,0,00:00:00,N,EE04900,0,3J,,232,420,,,47.4,,,,,BLM seabird project,Butter Cave upper ,way out,,,,0
,,MT09_RM05BT_Lower,02/07/2022,7,2022,0,00:05:00,N,EE04951,0,3J,,217,390,,,45.2,,,,,BLM seabird project,Butter Cave Lower,outside,"dirty belly, overlapped on purpose",,,0
,,MT09_RM05BT_Upper,02/07/2022,7,2022,0,00:15:00,N,EE04952,0,1,,215,490,,,46,,,,,BLM seabird project,Butter Cave upper ,NS6,RF,,,0
,,MT09_RM05BT_Upper,02/07/2022,7,2022,0,00:20:00,N,EE04953,0,4,,,370,,,,,,,,BLM seabird project,Butter Cave upper ,way out,overlapped on purpose,,,0
,,MT24_Majjistral_Eggshell,24/05/2022,5,2022,21,21:00:00,R,EE06857,0,4,,,420,,,,,,,,BLM seabird project,Eggshell Cave,way in,A25 removed,,,0
,,MT24_Majjistral_Thomas,24/05/2022,5,2022,21,21:15:00,N,EE04901,0,4,,,330,,,,,,,,BLM seabird project,Thomas Cave,NS1 way out ,prospector,BP6,,1
,,MT24_Majjistral_Eggshell,24/05/2022,5,2022,21,21:36:00,R,EE03029,0,4,,,390,,,,,,,,BLM seabird project,Eggshell Cave,way in ,A33 removed,,,0
,,MT24_Majjistral_Thomas,24/05/2022,5,2022,21,21:40:00,N,EE04969,0,4,,,310,,,,,,,,BLM seabird project,Thomas Cave,outside ,prospector,BP5,,1
,,MT24_Majjistral_Thomas,24/05/2022,5,2022,22,22:24:00,R,EE02308,0,4,,,380,,,,,,,,BLM seabird project,Thomas Cave,way in,,,,0
,,MT24_Majjistral_Thomas,24/05/2022,5,2022,22,22:27:00,R,EE03333,0,4,,,410,,,,,,,,BLM seabird project,Thomas Cave,way in,,,,0
,,MT24_Majjistral_Thomas,24/05/2022,5,2022,22,22:40:00,R,EE02240,0,4,,,360,,,,,,,,BLM seabird project,Thomas Cave,way in,,,,0
,,MT24_Majjistral_Eggshell,24/05/2022,5,2022,22,22:46:00,R,EE02117,0,4,,,430,,,,,,,,BLM seabird project,Eggshell Cave,way in,A16 removed,,,0
,,MT24_Majjistral_Eggshell,24/05/2022,5,2022,22,22:55:00,R,EE02242,0,4,,236,380,33.6,7.2,47.5,6.1,46.8,50.2,26.4,BLM seabird project,Eggshell Cave,way in ,BW104 retrieved,,H 50.2 Blood & P,0
,,MT24_Majjistral_Thomas,08/06/2022,6,2022,21,21:17:00,N,EE04853,0,4,,,385,,,,,,,,BLM seabird project,Thomas Cave,way in,,,,0
,,MT24_Majjistral_Thomas,08/06/2022,6,2022,21,21:26:00,R,EE02203,0,4,,,415,,,,,,,,BLM seabird project,Thomas Cave,way in,,,,0
,,MT24_Majjistral_Thomas,08/06/2022,6,2022,22,22:16:00,R,EE02233,0,4,,,440,,,,,,,,BLM seabird project,Thomas Cave,way in,,,,0
,,MT24_Majjistral_Thomas,08/06/2022,6,2022,23,23:35:00,R,EE02204,0,4,,,370,,,,,,,,BLM seabird project,Thomas Cave,way in,BW121 retrieved,,,0
,,MT24_Majjistral_Eggshell,08/06/2022,6,2022,21,21:21:00,R,EE03035,0,4,,,410,,,,,,,,BLM seabird project,Eggshell Cave,way in ,D21 removed,,,0
,,MT24_Majjistral_Eggshell,08/06/2022,6,2022,21,21:25:00,R,EE03050,0,4,,,390,,,,,,,,BLM seabird project,Eggshell Cave,way in,D10 removed,,,0
,,MT24_Majjistral_Eggshell,08/06/2022,6,2022,21,21:30:00,R,EE03427,0,4,,,460,,,,,,,,BLM seabird project,Eggshell Cave,way in,D80,,,0
,,MT24_Majjistral_Eggshell,08/06/2022,6,2022,21,21:45:00,R,EE03269,0,4,,,390,,,,,,,,BLM seabird project,Eggshell Cave,way in,D17,,,0
,,MT24_Majjistral_Eggshell,08/06/2022,6,2022,21,21:56:00,N,EE04854,0,4,,,335,,,,,,,,BLM seabird project,Eggshell Cave,way in,,,,0
,,MT24_Majjistral_Eggshell,08/06/2022,6,2022,22,22:00:00,R,EE04792,0,4,,,435,,,,,,,,BLM seabird project,Eggshell Cave,way in,A32,,,0
,,MT24_Majjistral_Eggshell,08/06/2022,6,2022,22,22:36:00,R,EE03010,0,4,,,450,,,,,,,,BLM seabird project,Eggshell Cave,way in,BW110,,,0
,,MT17_Cominotto_2,30/06/2022,6,2022,21,21:45:00,N,EE04987,0,3J,,228,420,,,47,,,,,BLM seabird project,Cominotto cave 2,outside,,,,0
,,MT17_Cominotto_9,30/06/2022,6,2022,22,22:15:00,R,EE03841,0,4,,,,,,,,,,,BLM seabird project,Cominoto Cave 9,way in,,,,0
,,MT17_Cominotto_2,30/06/2022,6,2022,23,23:00:00,N,EE04988,0,3J,,211,360,,,44.3,,,,,BLM seabird project,Cominotto Cave 2,outside,overlapped on purpose,,,0
,,MT22_StPauls_Nestboxledge,12/07/2022,7,2022,17,17:15:00,R,EE04560,0,1,,211,345,,,43.1,,,,,BLM seabird project,Nestbox ledge,NB03,RF,,,0
,,MT09_RM01,29/06/2022,6,2022,21,21:15:00,R,EE04856,0,1,,205,400,,,46.6,,,,,Marie Claire & Ben,RM01,NB23,A1 tag CIESM,,,0
,,MT09_RM01,29/06/2022,6,2022,23,23:05:00,R,EE04229,0,4,,240,385,,,45.5,,,,,Marie Claire & Ben,RM01,NB23,A2 tag CIESM,,,0
,,MT09_RM01,03/07/2022,7,2022,0,00:30:00,R,EE04542,0,4,,235,360,,,47.7,,,,,Marie Claire & Ben,RM01,NB26,M6 tag CIESM,,,0
,,MT09_RM01,03/07/2022,7,2022,0,00:50:00,R,EE04991,0,1,,215,365,,,46.3,,,,,Marie Claire & Ben,RM01,NB26,A10 tag CIESM,,,0
,,MT09_RM04A,02/07/2022,7,2022,21,21:00:00,R,EE04867,0,3J,,217,350,,,45.7,,,,,Marie Claire & Ben,RM04A,NS3,A3 tag CIESM,,,0
,,MT09_RM01,08/07/2022,7,2022,21,21:45:00,N,EE04942,0,3J,,234,425,,,48.7,,,,,Marie Claire & Ben,RM01,fig tree area,A6 tag CIESM,,,0
,,MT09_RM01,08/07/2022,7,2022,21,21:30:00,N,EE04941,0,3J,,226,365,,,47.4,,,,,Marie Claire & Ben,RM01,above big crack,M10 tag CIESM,,,0
,,MT09_RM01,27/06/2022,6,2022,20,20:50:00,R,EE04856,0,1,,196,390,,,46.5,,,,,Marie Claire & Ben,RM01,NB23,spot on head renewed,,,0
,,MT09_RM01,27/06/2022,6,2022,21,21:05:00,R,EE04855,0,1,,217,420,,,41.4,,,,,Marie Claire & Ben,RM01,NB02,weight with tag (~10g),,,0
,,MT09_RM01,27/06/2022,6,2022,21,21:20:00,N,EE04861,0,3J,,235,340,,,45.6,,,,,Marie Claire & Ben,RM01,big crack,Ring overlapped on purpose; Probably ringed on R leg in error; UTC collected,,,0
,,MT09_RM01,27/06/2022,6,2022,21,21:35:00,N,EE04862,0,3J,,233,380,,,46.2,,,,,Marie Claire & Ben,RM01,fig tree,Ring overlapped on purpose; UTC collected,,,0
,,MT09_RM01,27/06/2022,6,2022,21,21:35:00,R,EE04991,0,1,,204,340,,,45.8,,,,,Marie Claire & Ben,RM01,NB26,,,,0
,,MT09_RM01,27/06/2022,6,2022,21,21:57:00,N,EE04863,0,3J,,228,385,,,49.3,,,,,Marie Claire & Ben,RM01,big crack,Ring overlapped on purpose; UTC collected,,,0
,,MT09_RM04A,27/06/2022,6,2022,23,23:25:00,R,EE04529,0,4,,,,,,,,,,,Marie Claire & Ben,RM04a,NS2,Arrived with food,,,0
,,MT09_RM01,28/06/2022,6,2022,0,00:35:00,R,EE02421,0,4,,,,,,,,,,,Marie Claire & Ben,RM01,big crack,,,,0
,,MT09_RM01,29/06/2022,6,2022,20,20:45:00,R,EE04991,0,1,,205,310,,,,,,,,Marie Claire & Ben,RM01,NB26,,,,0
,,MT09_RM01,29/06/2022,6,2022,21,21:00:00,R,EE04856,0,1,,205,400,,,,,,,,Marie Claire & Ben,RM01,NB23,,,,0
,,MT09_RM01,29/06/2022,6,2022,21,21:07:00,R,EE04855,0,1,,,400,,,,,,,,Marie Claire & Ben,RM01,NB02,weight with tag (~10g),,,0
,,MT09_RM01,29/06/2022,6,2022,21,21:45:00,N,EE04864,0,3J,,223,310,,,45.7,,,,,Marie Claire & Ben,RM01,big crack,Ring overlapped on purpose; UTC collected; primaries still in waxy sheath,,,0
,,MT09_RM01,29/06/2022,6,2022,23,23:05:00,R,EE02421,0,4,,,285,,,,,,,,Marie Claire & Ben,RM01,big crack,Ring on L leg,,,0
,,MT09_RM04A,30/06/2022,6,2022,21,21:05:00,N,EE04865,0,1,,168,345,,,45,,,,,Marie Claire & Ben,RM04a,NS2,Ring overlapped on purpose; still very young,,,0
,,MT09_RM04A,30/06/2022,6,2022,21,21:10:00,N,EE04866,0,3J,,218,315,,,44.3,,,,,Marie Claire & Ben,RM04a,NS6,Ring overlapped on purpose; UTC collected,,,0
,,MT09_RM04A,30/06/2022,6,2022,21,21:40:00,R,EE04031,0,4,,,415,,,,,,,,Marie Claire & Ben,RM04a,NS3,Ring on L leg,,,0
,,MT09_RM04A,30/06/2022,6,2022,21,21:45:00,R,EE03318,0,4,,,430,,,,,,,,Marie Claire & Ben,RM04a,NS3,,,,0
,,MT09_RM04A,30/06/2022,6,2022,21,21:57:00,N,EE04867,0,3J,,217,350,,,44.6,,,,,Marie Claire & Ben,RM04a,NS3,Ring overlapped on purpose; UTC collected,,,0
,,MT09_RM04A,30/06/2022,6,2022,21,21:17:00,R,EE03332,0,4,,,390,,,,,,,,Marie Claire & Ben,RM04a,,,,,0
,,MT09_RM04A,30/06/2022,6,2022,21,21:18:00,N,EE04868,0,3J,,227,385,,,46.5,,,,,Marie Claire & Ben,RM04a,NS4,Ring overlapped on purpose; UTC collected,,,0
,,MT09_RM04A,30/06/2022,6,2022,22,22:15:00,R,EE04035,0,4,,,300,,,,,,,,Marie Claire & Ben,RM04a,,,,,0
,,MT09_RM01,30/06/2022,6,2022,23,23:25:00,N,EE04869,0,3J,,216,290,,,43.8,,,,,Marie Claire & Ben,RM01,"beyond boulder nest boxes, towards cliff face",,,,0
,,MT09_RM01,01/07/2022,6,2022,1,01:05:00,N,EE04870,0,3J,,223,420,,,46,,,,,Marie Claire & Ben,RM01,big crack,Ring overlapped on purpose; UTC collected,,,0
,,MT09_RM01,01/07/2022,6,2022,1,01:05:00,R,EE04855,0,3J,,,,,,,,,,,Marie Claire & Ben,RM01,big crack,,,,0
,,MT09_RM04A,01/07/2022,7,2022,22,22:05:00,R,EE04918,0,3J,,232,365,,,,,,,,Marie Claire & Ben,RM04a,NS6,,,,0
,,MT09_RM04A,02/07/2022,7,2022,20,20:45:00,R,EE04865,0,1,,176,325,,,,,,,,Marie Claire & Ben,RM04a,NS2,,,,0
,,MT09_RM04A,02/07/2022,7,2022,21,21:00:00,R,EE04866,0,3J,,218,285,,,44.8,,,,,Marie Claire & Ben,RM04a,NS6,,,,0
,,MT09_RM04A,02/07/2022,7,2022,21,21:47:00,R,EE03753,0,4,,,360,,,,,,,,Marie Claire & Ben,RM04a,,,,,0
,,MT09_RM04A,02/07/2022,7,2022,22,22:15:00,R,EE03318,0,4,,,390,,,,,,,,Marie Claire & Ben,RM04a,NS3,,,,0
,,MT09_RM01,18/07/2022,7,2022,20,20:00:00,R,EE04960,0,1,,188,370,,,45.3,,,,,BLM seabird project,RM01,NB18,,,,0
,,MT09_RM01,18/07/2022,7,2022,20,20:40:00,R,EE04989,0,3J,,214,270,,,46.4,,,,,BLM seabird project,RM01,NB19,way out,,,0
,,office,25/07/2022,7,2022,23,23:00:00,N,EE04943,0,3J,,224,350,,,46.6,,,,,BLM seabird project,Grounded exiles sliema same day,released Rdum tal-Madonna 25/07/2022,,,,0
,,office,02/08/2022,8,2022,20,20:00:00,N,EE04944,0,3J,,218,300,,,44.4,,,,,BLM seabird project,Grounded slieam exiles 26/07/2022; weight increased from 210 to 300; released 02/08/2022,,,,,0
,,office,10/08/2022,8,2022,20,20:02:00,N,EE04934,0,3J,,,250,,,,,,,,BLM seabird project,Found on beach Ghadira 03/08/2022 released 10/08 at RM04 on top,,,,,0
,,MT09_RM01,16/11/2022,11,2022,6,06:25:00,R,FF03205,0,4,,,,,,,,,,,BLM seabird project,RM01,NB20,inside with EE04226,,,0
,,MT09_RM01,16/11/2022,11,2022,6,06:25:00,R,EE04226,0,4,,,,,,,,,,,BLM seabird project,RM01,NB20,inside with FF3205,,,0
